,timestamp,srv_id,msg_type,client_id,session_id,iface_ver,method_id,length,proto_ver,retcode
0,0,4096,0,5,1,1,273,25,1,0
1,0.271993,12288,0,2,1,1,1,8,1,0
2,1.289896,12288,0,7,1,1,1,9,1,0
3,3.039583,4096,128,5,1,1,273,28,1,0
4,3.346887,4096,0,5,2,1,273,13,1,0
5,3.746400,12288,128,2,1,1,1,10,1,0
6,3.899513,4096,1,2,2,1,4095,16,1,0
7,3.924679,16384,2,7,2,1,2,27,1,0
8,3.925762,12288,2,5,3,1,2,12,1,0
9,3.937567,4096,1,5,2,1,546,23,1,0
10,4.000767,12288,2,8,2,1,2,27,1,0
11,4.701096,12288,0,4,1,1,1,26,1,0
12,5.581601,12288,128,7,1,1,1,19,1,0
13,5.626620,16384,0,6,1,1,1,27,1,0
14,6.091198,12288,0,8,1,1,1,21,1,0
15,6.281520,12288,0,6,1,1,1,17,1,0
16,6.962018,16384,128,6,1,1,1,21,1,0
17,7.146079,4096,128,5,2,1,273,22,1,0
18,7.504489,4096,0,4,1,1,273,15,1,0
19,7.566166,4096,0,1,1,1,273,19,1,0
20,7.648990,12288,0,2,2,1,1,28,1,0
21,7.853518,12288,0,7,2,1,1,10,1,0
22,7.864813,12288,129,8,1,1,1,17,1,5
23,8.618177,12288,0,3,1,1,1,27,1,0
24,8.855701,16384,2,7,3,1,2,15,1,0
25,8.873206,4096,1,5,4,1,546,19,1,0
26,8.882480,4096,1,2,3,1,4095,18,1,0
27,8.900730,12288,2,5,5,1,2,15,1,0
28,8.987119,12288,2,8,3,1,2,25,1,0
29,9.020824,12288,128,4,1,1,1,8,1,0
30,9.163981,12288,0,2,3,1,1,8,1,0
31,9.304245,4096,0,5,3,1,273,23,1,0
32,10.274933,12288,0,8,1,1,1,9,1,0
33,10.310749,12288,128,2,2,1,1,27,1,0
34,10.650519,12288,128,6,1,1,1,26,1,0
35,10.993724,4096,128,1,1,1,273,19,1,0
36,11.294477,4096,128,4,1,1,273,27,1,0
37,11.701113,12288,128,7,2,1,1,12,1,0
38,11.766578,12288,0,3,2,1,1,17,1,0
39,11.841263,12288,128,3,1,1,1,20,1,0
40,11.920334,12288,0,8,2,1,1,9,1,0
41,12.339454,12288,0,4,2,1,1,13,1,0
42,12.950249,12288,0,6,2,1,1,27,1,0
43,13.022522,4096,0,5,4,1,273,8,1,0
44,13.134126,12288,129,8,1,1,1,21,1,4
45,13.421513,12288,0,3,3,1,1,22,1,0
46,13.521601,4096,128,5,3,1,273,28,1,0
47,13.771920,12288,0,7,3,1,1,25,1,0
48,13.784210,4096,1,5,6,1,546,11,1,0
49,13.833864,12288,128,2,3,1,1,15,1,0
50,13.870106,16384,2,7,4,1,2,16,1,0
51,13.903351,12288,128,8,2,1,1,18,1,0
52,13.905680,4096,1,2,4,1,4095,22,1,0
53,13.914851,12288,2,5,7,1,2,27,1,0
54,13.981425,12288,128,4,2,1,1,28,1,0
55,14.067847,12288,2,8,4,1,2,17,1,0
56,14.664979,4096,0,5,5,1,273,19,1,0
57,14.999389,16384,0,6,1,1,1,16,1,0
58,15.339213,4096,128,5,4,1,273,23,1,0
59,15.605830,12288,128,3,2,1,1,13,1,0
60,15.700547,4096,0,4,2,1,273,15,1,0
61,15.719440,12288,0,8,1,1,1,21,1,0
62,15.736737,4096,0,1,2,1,273,9,1,0
63,15.902696,12288,128,3,3,1,1,23,1,0
64,15.956891,4096,0,5,6,1,273,21,1,0
65,16.525460,12288,128,6,2,1,1,28,1,0
66,17.026127,12288,128,7,3,1,1,13,1,0
67,17.040182,12288,0,2,4,1,1,10,1,0
68,17.281856,12288,128,8,1,1,1,15,1,0
69,17.583245,4096,128,5,5,1,273,14,1,0
70,17.829920,4096,0,5,7,1,273,10,1,0
71,18.504357,4096,128,4,2,1,273,27,1,0
72,18.646309,16384,0,6,2,1,1,27,1,0
73,18.717096,4096,1,5,8,1,546,21,1,0
74,18.870625,4096,1,2,5,1,4095,13,1,0
75,18.919099,12288,2,5,9,1,2,21,1,0
76,18.965729,16384,2,7,5,1,2,28,1,0
77,19.162170,12288,2,8,5,1,2,26,1,0
78,19.167050,4096,128,5,7,1,273,16,1,0
79,19.343503,12288,128,2,4,1,1,8,1,0
80,19.560351,12288,0,8,3,1,1,20,1,0
81,19.751354,16384,129,6,1,1,1,10,1,1
82,19.820818,4096,128,5,6,1,273,10,1,0
83,20.338874,4096,128,1,2,1,273,11,1,0
84,20.939553,16384,129,6,1,1,1,8,1,1
85,21.336522,12288,0,7,4,1,1,8,1,0
86,21.460217,12288,0,2,5,1,1,23,1,0
87,22.135779,12288,0,6,3,1,1,19,1,0
88,22.194325,16384,129,6,1,1,1,13,1,10
89,22.242326,12288,0,4,3,1,1,13,1,0
90,22.327214,16384,0,6,1,1,1,16,1,0
91,22.801745,12288,0,3,4,1,1,28,1,0
92,22.960892,4096,0,4,3,1,273,27,1,0
93,23.000633,16384,128,6,2,1,1,12,1,0
94,23.165226,12288,128,8,3,1,1,12,1,0
95,23.464836,4096,0,5,8,1,273,15,1,0
96,23.531449,12288,0,8,4,1,1,25,1,0
97,23.707121,4096,1,5,10,1,546,15,1,0
98,23.808220,16384,129,6,1,1,1,23,1,6
99,23.838259,4096,1,2,6,1,4095,25,1,0
100,23.847268,12288,2,5,11,1,2,20,1,0
101,23.871533,16384,2,7,6,1,2,17,1,0
102,24.026015,12288,128,4,3,1,1,9,1,0
103,24.038260,4096,128,4,3,1,273,19,1,0
104,24.112192,12288,2,8,6,1,2,23,1,0
105,24.331866,16384,0,6,2,1,1,11,1,0
106,24.465052,12288,128,7,4,1,1,23,1,0
107,24.567137,4096,0,4,4,1,273,22,1,0
108,24.765661,16384,0,6,1,1,1,15,1,0
109,24.880824,16384,128,6,1,1,1,11,1,0
110,25.191867,4096,0,1,3,1,273,12,1,0
111,25.304795,12288,128,3,4,1,1,19,1,0
112,25.531047,16384,129,6,1,1,1,22,1,10
113,26.057825,12288,0,4,4,1,1,19,1,0
114,26.231619,4096,128,5,8,1,273,25,1,0
115,26.234663,12288,128,2,5,1,1,13,1,0
116,26.508331,4096,0,5,9,1,273,11,1,0
117,26.604514,12288,128,6,3,1,1,17,1,0
118,26.776933,16384,129,6,1,1,1,13,1,9
119,27.163092,16384,129,6,1,1,1,19,1,4
120,27.186629,12288,129,8,4,1,1,19,1,4
121,27.251260,4096,128,4,4,1,273,24,1,0
122,27.670339,12288,0,7,5,1,1,21,1,0
123,27.817348,16384,128,6,2,1,1,19,1,0
124,27.901093,16384,0,6,1,1,1,14,1,0
125,28.120273,12288,128,4,4,1,1,9,1,0
126,28.254904,12288,0,6,4,1,1,13,1,0
127,28.770880,4096,1,5,12,1,546,8,1,0
128,28.802322,12288,2,5,13,1,2,26,1,0
129,28.828361,4096,1,2,7,1,4095,11,1,0
130,28.875891,16384,2,7,7,1,2,22,1,0
131,28.910018,16384,129,6,1,1,1,23,1,9
132,28.985512,12288,0,2,6,1,1,9,1,0
133,29.035250,12288,2,8,7,1,2,18,1,0
134,29.057547,4096,129,1,3,1,273,11,1,9
135,29.187277,12288,0,3,5,1,1,26,1,0
136,29.614216,4096,0,1,4,1,273,26,1,0
137,29.920185,12288,0,8,4,1,1,11,1,0
138,29.968812,12288,129,8,4,1,1,13,1,4
139,30.180675,12288,128,2,6,1,1,19,1,0
140,30.207854,4096,0,4,5,1,273,18,1,0
141,30.284935,4096,0,5,10,1,273,23,1,0
142,30.404484,4096,128,5,9,1,273,18,1,0
143,30.460336,16384,128,6,1,1,1,8,1,0
144,30.535119,12288,0,8,5,1,1,26,1,0
145,30.634946,16384,129,6,1,1,1,18,1,10
146,30.658121,4096,129,1,3,1,273,26,1,4
147,30.831349,12288,0,7,6,1,1,20,1,0
148,31.161536,12288,128,6,4,1,1,11,1,0
149,31.170039,4096,0,1,3,1,273,27,1,0
150,31.755564,16384,129,6,1,1,1,16,1,10
151,31.793499,12288,129,8,4,1,1,20,1,10
152,31.898378,12288,128,7,5,1,1,18,1,0
153,32.342932,12288,128,8,5,1,1,14,1,0
154,32.603879,4096,128,4,5,1,273,25,1,0
155,32.647653,12288,128,3,5,1,1,28,1,0
156,32.777183,4096,128,1,4,1,273,26,1,0
157,32.886025,12288,128,8,4,1,1,27,1,0
158,32.976200,16384,0,6,1,1,1,18,1,0
159,33.053632,4096,128,1,3,1,273,15,1,0
160,33.279949,12288,0,6,5,1,1,9,1,0
161,33.315689,16384,129,6,1,1,1,13,1,4
162,33.691844,4096,1,5,14,1,546,28,1,0
163,33.712314,4096,0,5,11,1,273,16,1,0
164,33.725753,12288,0,4,5,1,1,14,1,0
165,33.853737,4096,1,2,8,1,4095,11,1,0
166,33.899931,12288,2,5,15,1,2,15,1,0
167,33.915197,16384,2,7,8,1,2,15,1,0
168,33.971532,4096,128,5,10,1,273,18,1,0
169,34.050472,12288,2,8,8,1,2,25,1,0
170,34.122261,4096,129,1,3,1,273,21,1,10
171,34.435128,12288,0,8,4,1,1,16,1,0
172,34.524421,12288,0,7,7,1,1,13,1,0
173,34.719108,12288,129,7,6,1,1,25,1,5
174,34.806380,4096,0,1,5,1,273,19,1,0
175,35.587963,12288,0,2,7,1,1,28,1,0
176,36.261960,4096,0,1,3,1,273,19,1,0
177,36.333480,12288,129,7,6,1,1,20,1,1
178,36.764910,12288,0,3,6,1,1,8,1,0
179,36.895154,12288,128,6,5,1,1,10,1,0
180,36.982575,16384,129,6,1,1,1,16,1,10
181,37.286736,4096,0,1,6,1,273,25,1,0
182,37.431031,12288,0,7,6,1,1,11,1,0
183,37.656366,4096,128,5,11,1,273,8,1,0
184,37.869645,16384,128,6,1,1,1,10,1,0
185,38.311785,12288,0,4,6,1,1,28,1,0
186,38.501859,12288,0,3,7,1,1,15,1,0
187,38.530885,12288,128,4,5,1,1,21,1,0
188,38.592927,4096,1,5,16,1,546,27,1,0
189,38.818226,4096,1,2,9,1,4095,25,1,0
190,38.853987,12288,2,5,17,1,2,10,1,0
191,38.965342,12288,128,8,4,1,1,25,1,0
192,39.001672,16384,2,7,9,1,2,26,1,0
193,39.117899,12288,2,8,9,1,2,16,1,0
194,39.129303,12288,128,3,6,1,1,9,1,0
195,39.149574,4096,128,1,6,1,273,17,1,0
196,39.156191,4096,128,1,3,1,273,8,1,0
197,39.285226,4096,0,5,12,1,273,23,1,0
198,39.303449,4096,128,1,5,1,273,22,1,0
199,39.308727,12288,128,7,7,1,1,19,1,0
200,39.472354,12288,0,8,6,1,1,16,1,0
201,39.808334,12288,129,7,6,1,1,25,1,6
202,40.076199,4096,0,4,6,1,273,15,1,0
203,40.329373,12288,128,2,7,1,1,27,1,0
204,40.989965,12288,129,7,6,1,1,9,1,10
205,41.066147,12288,129,3,7,1,1,16,1,9
206,41.134650,12288,129,4,6,1,1,24,1,6
207,41.272806,12288,0,6,6,1,1,16,1,0
208,41.563250,4096,0,1,7,1,273,18,1,0
209,41.931310,4096,128,5,12,1,273,28,1,0
210,41.975807,12288,0,7,6,1,1,22,1,0
211,42.326416,12288,129,4,6,1,1,17,1,5
212,42.358574,12288,129,3,7,1,1,26,1,9
213,42.389802,12288,0,2,8,1,1,22,1,0
214,42.701301,16384,0,6,1,1,1,18,1,0
215,42.769277,12288,129,7,6,1,1,14,1,5
216,43.146038,12288,128,8,6,1,1,13,1,0
217,43.148954,12288,0,3,7,1,1,11,1,0
218,43.195586,12288,0,7,8,1,1,24,1,0
219,43.316741,12288,0,4,6,1,1,22,1,0
220,43.431306,12288,0,4,7,1,1,22,1,0
221,43.528997,4096,1,5,18,1,546,13,1,0
222,43.563809,12288,128,7,6,1,1,24,1,0
223,43.596643,4096,0,4,7,1,273,22,1,0
224,43.724194,4096,1,2,10,1,4095,15,1,0
225,43.807807,12288,2,5,19,1,2,13,1,0
226,43.885901,12288,0,7,6,1,1,11,1,0
227,44.002998,16384,2,7,10,1,2,11,1,0
228,44.118219,12288,2,8,10,1,2,14,1,0
229,44.146272,4096,128,1,7,1,273,16,1,0
230,44.170239,12288,129,4,6,1,1,19,1,10
231,44.273055,4096,128,4,6,1,273,13,1,0
232,44.626214,12288,129,7,6,1,1,28,1,10
233,45.287495,12288,128,7,8,1,1,14,1,0
234,45.574200,4096,0,5,13,1,273,26,1,0
235,45.626787,12288,128,7,6,1,1,8,1,0
236,45.823962,12288,129,6,6,1,1,17,1,9
237,45.911701,12288,128,3,7,1,1,22,1,0
238,46.279394,12288,128,2,8,1,1,14,1,0
239,46.368301,12288,129,4,6,1,1,24,1,5
240,46.474254,12288,128,4,6,1,1,8,1,0
241,46.590596,4096,128,4,7,1,273,26,1,0
242,46.681499,12288,129,3,7,1,1,24,1,10
243,46.687909,16384,129,6,1,1,1,15,1,9
244,46.962842,12288,0,7,9,1,1,10,1,0
245,46.964199,12288,0,7,6,1,1,15,1,0
246,46.974392,12288,0,4,8,1,1,24,1,0
247,47.130697,4096,128,5,13,1,273,12,1,0
248,47.154931,12288,0,4,6,1,1,14,1,0
249,47.611812,12288,0,3,8,1,1,24,1,0
250,48.243587,12288,128,4,6,1,1,15,1,0
251,48.346057,12288,128,4,7,1,1,23,1,0
252,48.481263,4096,0,5,14,1,273,14,1,0
253,48.514608,12288,0,8,7,1,1,17,1,0
254,48.560610,4096,1,5,20,1,546,8,1,0
255,48.637630,4096,1,2,11,1,4095,26,1,0
256,48.775579,12288,0,6,6,1,1,11,1,0
257,48.870708,12288,2,5,21,1,2,13,1,0
258,49.000656,4096,0,1,8,1,273,28,1,0
259,49.013994,16384,0,6,1,1,1,14,1,0
260,49.047428,12288,2,8,11,1,2,18,1,0
261,49.095993,16384,2,7,11,1,2,23,1,0
262,49.160126,12288,0,3,7,1,1,26,1,0
263,49.568333,12288,128,4,8,1,1,17,1,0
264,50.193494,12288,0,6,7,1,1,27,1,0
265,50.252829,12288,128,6,6,1,1,24,1,0
266,50.602205,12288,0,4,9,1,1,21,1,0
267,50.964653,12288,129,4,6,1,1,15,1,10
268,50.971041,12288,0,8,8,1,1,20,1,0
269,51.026437,4096,128,5,14,1,273,17,1,0
270,51.191558,12288,128,3,8,1,1,20,1,0
271,51.376538,12288,128,7,9,1,1,25,1,0
272,51.421050,12288,129,7,6,1,1,11,1,9
273,52.223039,12288,129,4,6,1,1,18,1,5
274,52.317508,12288,0,2,9,1,1,19,1,0
275,52.405710,4096,0,4,8,1,273,10,1,0
276,52.531578,12288,0,6,8,1,1,11,1,0
277,52.587442,4096,128,1,8,1,273,19,1,0
278,52.696453,16384,0,6,1,1,1,22,1,0
279,52.809842,12288,128,4,9,1,1,17,1,0
280,52.916203,16384,128,6,1,1,1,22,1,0
281,53.130103,12288,128,8,7,1,1,18,1,0
282,53.450468,12288,128,3,7,1,1,13,1,0
283,53.483013,12288,128,2,9,1,1,27,1,0
284,53.526759,4096,128,4,8,1,273,23,1,0
285,53.557527,4096,1,5,22,1,546,25,1,0
286,53.705981,4096,1,2,12,1,4095,27,1,0
287,53.880363,12288,2,5,23,1,2,15,1,0
288,54.009865,12288,2,8,12,1,2,16,1,0
289,54.103997,16384,2,7,12,1,2,22,1,0
290,54.399102,4096,0,5,15,1,273,25,1,0
291,54.659169,12288,128,6,8,1,1,21,1,0
292,54.768240,12288,128,6,7,1,1,27,1,0
293,54.875564,16384,129,6,1,1,1,16,1,6
294,55.946760,12288,128,8,8,1,1,14,1,0
295,56.165361,16384,0,6,2,1,1,10,1,0
296,56.385774,12288,0,7,10,1,1,13,1,0
297,56.396793,12288,0,3,9,1,1,26,1,0
298,56.579796,4096,0,1,9,1,273,14,1,0
299,56.726192,4096,0,4,9,1,273,9,1,0
300,56.886130,12288,129,4,6,1,1,23,1,10
301,56.920392,4096,128,5,15,1,273,28,1,0
302,57.237273,12288,0,6,9,1,1,9,1,0
303,57.305484,16384,128,6,2,1,1,17,1,0
304,57.316561,16384,129,6,1,1,1,22,1,4
305,57.713467,16384,0,6,1,1,1,19,1,0
306,58.606778,4096,1,5,24,1,546,27,1,0
307,58.761991,4096,1,2,13,1,4095,28,1,0
308,58.790247,12288,0,4,10,1,1,12,1,0
309,58.808869,12288,2,5,25,1,2,25,1,0
310,59.030119,4096,128,4,9,1,273,8,1,0
311,59.082822,12288,2,8,13,1,2,19,1,0
312,59.183347,16384,2,7,13,1,2,18,1,0
313,59.486969,16384,129,6,1,1,1,20,1,5
314,59.829238,12288,0,8,9,1,1,23,1,0
315,59.951824,4096,0,5,16,1,273,24,1,0
316,60.365361,4096,0,1,10,1,273,11,1,0
317,60.581638,12288,128,3,9,1,1,14,1,0
318,60.852374,12288,128,7,10,1,1,20,1,0
319,60.856099,12288,0,3,10,1,1,21,1,0
320,60.878815,4096,128,1,9,1,273,13,1,0
321,61.194329,16384,129,6,1,1,1,24,1,10
322,61.703414,12288,128,6,9,1,1,23,1,0
323,61.804406,12288,128,8,9,1,1,10,1,0
324,61.899867,16384,0,6,1,1,1,16,1,0
325,61.961390,12288,0,2,10,1,1,16,1,0
326,62.478642,12288,128,4,10,1,1,19,1,0
327,62.736590,16384,0,6,3,1,1,16,1,0
328,63.254181,12288,0,6,10,1,1,10,1,0
329,63.517549,4096,1,5,26,1,546,22,1,0
330,63.524878,4096,128,1,10,1,273,17,1,0
331,63.665755,4096,128,5,16,1,273,23,1,0
332,63.738298,12288,0,8,10,1,1,20,1,0
333,63.766547,4096,1,2,14,1,4095,27,1,0
334,63.848010,12288,2,5,27,1,2,26,1,0
335,63.987213,16384,0,6,1,1,1,11,1,0
336,64.032251,12288,2,8,14,1,2,28,1,0
337,64.262821,16384,2,7,14,1,2,24,1,0
338,64.671366,16384,128,6,3,1,1,23,1,0
339,64.936187,12288,129,2,10,1,1,13,1,6
340,65.414615,12288,0,2,11,1,1,15,1,0
341,65.432324,4096,0,5,17,1,273,18,1,0
342,65.550202,12288,128,3,10,1,1,27,1,0
343,65.714400,12288,128,8,10,1,1,28,1,0
344,66.289042,12288,0,7,11,1,1,17,1,0
345,66.299406,4096,0,4,10,1,273,23,1,0
346,66.796194,12288,0,6,11,1,1,13,1,0
347,66.843372,16384,129,6,1,1,1,18,1,9
348,67.498649,12288,0,3,11,1,1,28,1,0
349,67.563993,12288,128,6,10,1,1,15,1,0
350,67.688778,12288,0,2,10,1,1,16,1,0
351,67.821143,12288,0,4,11,1,1,8,1,0
352,67.847398,16384,128,6,1,1,1,18,1,0
353,68.592237,4096,1,5,28,1,546,24,1,0
354,68.726405,12288,0,8,11,1,1,23,1,0
355,68.798162,4096,1,2,15,1,4095,18,1,0
356,68.890045,12288,2,5,29,1,2,8,1,0
357,68.893613,4096,0,1,11,1,273,20,1,0
358,68.971822,12288,2,8,15,1,2,23,1,0
359,68.985492,12288,128,7,11,1,1,22,1,0
360,69.163945,16384,2,7,15,1,2,10,1,0
361,69.839709,4096,128,5,17,1,273,15,1,0
362,69.948020,12288,0,7,12,1,1,28,1,0
363,70.009753,12288,128,8,11,1,1,14,1,0
364,70.208408,12288,129,2,11,1,1,24,1,1
365,70.256197,12288,0,4,12,1,1,17,1,0
366,70.319980,4096,128,4,10,1,273,17,1,0
367,70.772339,12288,128,6,11,1,1,10,1,0
368,71.077182,16384,0,6,2,1,1,24,1,0
369,71.125983,12288,0,6,12,1,1,17,1,0
370,71.401122,12288,129,4,11,1,1,11,1,9
371,71.923968,12288,128,3,11,1,1,16,1,0
372,72.253628,4096,0,1,12,1,273,15,1,0
373,72.406694,12288,128,2,10,1,1,16,1,0
374,72.494621,12288,0,8,12,1,1,21,1,0
375,72.511778,12288,128,6,12,1,1,13,1,0
376,72.671059,4096,0,4,11,1,273,15,1,0
377,72.748381,4096,129,1,11,1,273,10,1,4
378,72.767304,4096,0,5,18,1,273,18,1,0
379,72.935143,12288,128,7,12,1,1,12,1,0
380,73.038578,12288,0,2,11,1,1,12,1,0
381,73.260057,12288,129,4,12,1,1,12,1,9
382,73.265394,16384,128,6,2,1,1,20,1,0
383,73.533350,4096,1,5,30,1,546,25,1,0
384,73.735878,4096,1,2,16,1,4095,16,1,0
385,73.923100,12288,2,8,16,1,2,20,1,0
386,73.948120,12288,2,5,31,1,2,21,1,0
387,74.133796,16384,2,7,16,1,2,26,1,0
388,74.140847,12288,129,4,11,1,1,13,1,4
389,74.212180,12288,0,4,11,1,1,16,1,0
390,74.732253,4096,129,1,11,1,273,27,1,9
391,74.851550,12288,0,2,12,1,1,12,1,0
392,75.197680,16384,0,6,2,1,1,20,1,0
393,75.252152,12288,129,4,12,1,1,10,1,4
394,75.460582,4096,0,1,11,1,273,15,1,0
395,75.852835,12288,0,4,13,1,1,22,1,0
396,75.931224,4096,128,1,12,1,273,23,1,0
397,75.995019,12288,0,4,12,1,1,24,1,0
398,76.427516,12288,129,4,11,1,1,15,1,10
399,76.433046,12288,0,3,12,1,1,17,1,0
400,76.724800,4096,129,4,11,1,273,9,1,9
401,76.736269,4096,128,5,18,1,273,19,1,0
402,77.438846,12288,128,4,13,1,1,21,1,0
403,77.441103,12288,129,8,12,1,1,17,1,6
404,77.539334,12288,129,2,11,1,1,26,1,4
405,77.825808,4096,129,1,11,1,273,24,1,10
406,77.835989,12288,129,2,12,1,1,17,1,5
407,77.876601,12288,0,7,13,1,1,17,1,0
408,78.051785,12288,128,3,12,1,1,9,1,0
409,78.135980,12288,0,8,13,1,1,13,1,0
410,78.202212,12288,129,4,11,1,1,28,1,9
411,78.501453,4096,1,5,32,1,546,27,1,0
412,78.680091,4096,1,2,17,1,4095,19,1,0
413,78.731432,4096,128,1,11,1,273,28,1,0
414,78.789169,12288,0,4,11,1,1,23,1,0
415,78.918966,12288,2,8,17,1,2,28,1,0
416,78.944469,12288,2,5,33,1,2,24,1,0
417,79.019341,12288,128,4,11,1,1,13,1,0
418,79.062628,4096,129,4,11,1,273,12,1,4
419,79.077546,16384,2,7,17,1,2,28,1,0
420,79.329823,12288,129,4,12,1,1,22,1,10
421,79.425200,12288,0,4,14,1,1,16,1,0
422,79.442281,12288,128,8,13,1,1,18,1,0
423,79.448371,4096,0,4,11,1,273,15,1,0
424,79.450769,4096,0,4,12,1,273,23,1,0
425,79.466202,12288,129,2,11,1,1,10,1,5
426,79.551274,16384,0,6,3,1,1,20,1,0
427,79.623685,12288,0,2,11,1,1,12,1,0
428,79.756441,16384,128,6,2,1,1,8,1,0
429,79.774538,12288,129,8,12,1,1,11,1,5
430,79.811315,12288,0,8,12,1,1,9,1,0
431,79.876757,12288,0,2,13,1,1,8,1,0
432,80.067238,12288,0,2,12,1,1,22,1,0
433,80.106188,4096,0,1,11,1,273,8,1,0
434,80.118176,12288,129,4,12,1,1,26,1,4
435,80.634202,12288,0,6,13,1,1,17,1,0
436,80.821528,4096,0,1,13,1,273,18,1,0
437,80.854613,4096,128,4,11,1,273,15,1,0
438,81.234190,12288,128,8,12,1,1,21,1,0
439,81.286780,12288,128,2,12,1,1,21,1,0
440,81.652510,4096,129,4,12,1,273,20,1,4
441,81.802769,4096,0,5,19,1,273,21,1,0
442,81.886999,12288,128,6,13,1,1,9,1,0
443,81.957864,12288,128,2,11,1,1,15,1,0
444,82.001180,12288,129,2,11,1,1,19,1,10
445,82.051386,12288,0,2,14,1,1,21,1,0
446,82.156789,12288,0,4,12,1,1,20,1,0
447,82.192768,12288,129,4,11,1,1,9,1,10
448,82.543987,12288,129,4,11,1,1,20,1,6
449,82.591010,12288,128,2,13,1,1,27,1,0
450,82.704057,4096,129,4,11,1,273,19,1,10
451,82.747340,12288,0,4,12,1,1,8,1,0
452,82.748837,12288,128,7,13,1,1,27,1,0
453,82.752729,4096,128,1,13,1,273,8,1,0
454,82.888181,16384,128,6,3,1,1,15,1,0
455,82.979544,12288,0,3,13,1,1,27,1,0
456,83.057586,12288,129,8,12,1,1,19,1,10
457,83.332356,12288,128,4,14,1,1,25,1,0
458,83.575919,4096,1,5,34,1,546,19,1,0
459,83.615818,4096,1,2,18,1,4095,18,1,0
460,83.625159,4096,128,5,19,1,273,20,1,0
461,83.749850,12288,129,4,11,1,1,25,1,1
462,83.766593,12288,128,2,14,1,1,26,1,0
463,83.837164,4096,128,1,11,1,273,26,1,0
464,83.873645,12288,2,8,18,1,2,24,1,0
465,84.015784,12288,2,5,35,1,2,25,1,0
466,84.117330,12288,0,6,14,1,1,18,1,0
467,84.148040,16384,2,7,18,1,2,23,1,0
468,84.509219,4096,0,4,12,1,273,17,1,0
469,84.672655,12288,0,2,11,1,1,25,1,0
470,84.851859,12288,129,4,11,1,1,25,1,10
471,84.960008,12288,128,4,12,1,1,8,1,0
472,85.023848,4096,129,4,11,1,273,20,1,1
473,85.140994,12288,129,8,12,1,1,14,1,6
474,85.157479,12288,128,4,12,1,1,27,1,0
475,85.362030,4096,0,5,20,1,273,20,1,0
476,85.630540,4096,0,4,11,1,273,19,1,0
477,85.820564,12288,128,6,14,1,1,26,1,0
478,85.903703,12288,0,8,12,1,1,26,1,0
479,86.113582,12288,0,7,14,1,1,8,1,0
480,86.121345,12288,0,4,15,1,1,16,1,0
481,86.133826,4096,0,1,14,1,273,18,1,0
482,86.380840,16384,0,6,1,1,1,16,1,0
483,86.614313,4096,0,5,21,1,273,18,1,0
484,86.682592,12288,128,2,11,1,1,28,1,0
485,86.896700,4096,128,4,11,1,273,13,1,0
486,86.909547,4096,129,4,11,1,273,17,1,10
487,87.160246,12288,128,3,13,1,1,21,1,0
488,87.215351,4096,0,4,13,1,273,12,1,0
489,87.327026,12288,128,8,12,1,1,22,1,0
490,87.335882,12288,0,3,14,1,1,13,1,0
491,87.424968,12288,0,2,15,1,1,16,1,0
492,87.504365,12288,0,8,14,1,1,10,1,0
493,87.507738,12288,128,7,14,1,1,17,1,0
494,87.569796,16384,129,6,1,1,1,9,1,5
495,87.641254,12288,128,4,15,1,1,9,1,0
496,87.915496,12288,0,6,15,1,1,27,1,0
497,87.943289,4096,128,4,12,1,273,22,1,0
498,88.065230,4096,128,5,20,1,273,14,1,0
499,88.178561,4096,0,1,15,1,273,23,1,0
500,88.546615,12288,128,3,14,1,1,26,1,0
501,88.564026,4096,1,5,36,1,546,19,1,0
502,88.680549,4096,1,2,19,1,4095,10,1,0
503,88.787704,12288,2,8,19,1,2,28,1,0
504,88.978124,12288,0,7,15,1,1,21,1,0
505,89.074836,4096,128,4,13,1,273,22,1,0
506,89.075441,12288,2,5,37,1,2,17,1,0
507,89.096027,16384,2,7,19,1,2,22,1,0
508,89.503301,4096,0,1,16,1,273,22,1,0
509,89.514117,4096,129,4,11,1,273,15,1,6
510,89.567418,4096,0,4,11,1,273,22,1,0
511,89.584162,12288,129,8,12,1,1,17,1,10
512,89.606340,16384,129,6,1,1,1,13,1,9
513,89.832438,4096,128,1,15,1,273,20,1,0
514,90.205247,12288,128,8,14,1,1,26,1,0
515,90.245765,12288,0,6,16,1,1,11,1,0
516,90.307866,4096,128,5,21,1,273,27,1,0
517,90.309826,12288,128,6,15,1,1,27,1,0
518,90.374806,16384,0,6,1,1,1,17,1,0
519,90.569844,12288,128,7,15,1,1,19,1,0
520,90.617827,4096,128,1,14,1,273,10,1,0
521,90.829548,4096,0,1,17,1,273,27,1,0
522,90.922249,12288,129,2,15,1,1,23,1,9
523,91.107718,12288,129,8,12,1,1,11,1,5
524,91.158112,4096,128,4,11,1,273,20,1,0
525,91.537358,12288,0,3,15,1,1,19,1,0
526,91.846405,4096,0,4,14,1,273,23,1,0
527,91.908069,16384,129,6,1,1,1,26,1,10
528,91.940856,4096,129,4,11,1,273,17,1,10
529,91.991099,12288,129,6,16,1,1,18,1,5
530,92.187756,4096,128,1,16,1,273,22,1,0
531,92.715205,12288,129,8,12,1,1,22,1,10
532,92.861131,4096,128,4,14,1,273,19,1,0
533,92.934433,12288,0,2,15,1,1,14,1,0
534,93.392714,12288,129,2,15,1,1,8,1,1
535,93.501193,4096,1,5,38,1,546,20,1,0
536,93.592657,4096,0,5,22,1,273,23,1,0
537,93.705149,4096,1,2,20,1,4095,21,1,0
538,93.800790,12288,128,3,15,1,1,9,1,0
539,93.808601,12288,2,8,20,1,2,28,1,0
540,93.838481,16384,129,6,1,1,1,28,1,5
541,93.975766,4096,128,1,17,1,273,24,1,0
542,94.038186,12288,2,5,39,1,2,11,1,0
543,94.050035,12288,0,6,16,1,1,10,1,0
544,94.078184,16384,0,6,1,1,1,17,1,0
545,94.103874,16384,2,7,20,1,2,22,1,0
546,95.211916,16384,128,6,1,1,1,19,1,0
547,95.238402,12288,0,6,17,1,1,16,1,0
548,95.379453,12288,0,4,16,1,1,18,1,0
549,95.621812,12288,129,8,12,1,1,24,1,4
550,95.680980,12288,0,2,16,1,1,16,1,0
551,95.692431,12288,0,8,15,1,1,22,1,0
552,95.818840,4096,0,4,15,1,273,26,1,0
553,95.933107,16384,0,6,2,1,1,12,1,0
554,96.424014,12288,128,2,15,1,1,11,1,0
555,96.625419,12288,128,6,17,1,1,11,1,0
556,96.819670,4096,128,4,15,1,273,26,1,0
557,97.235282,12288,129,6,16,1,1,16,1,5
558,97.237599,16384,129,6,1,1,1,24,1,10
559,97.282340,12288,129,8,12,1,1,14,1,10
560,97.874529,12288,128,8,15,1,1,28,1,0
561,98.060756,16384,128,6,1,1,1,28,1,0
562,98.104618,12288,0,3,16,1,1,13,1,0
563,98.131867,12288,129,2,15,1,1,20,1,10
564,98.255101,12288,128,4,16,1,1,11,1,0
565,98.351556,12288,0,7,16,1,1,16,1,0
566,98.541074,4096,1,5,40,1,546,13,1,0
567,98.571585,4096,128,5,22,1,273,13,1,0
568,98.777977,4096,1,2,21,1,4095,21,1,0
569,98.852004,12288,2,8,21,1,2,11,1,0
570,98.883108,16384,128,6,2,1,1,26,1,0
571,98.961659,12288,2,5,41,1,2,13,1,0
572,99.021813,12288,0,2,17,1,1,22,1,0
573,99.142114,12288,129,6,16,1,1,28,1,1
574,99.155203,16384,2,7,21,1,2,16,1,0
575,99.205892,12288,0,3,17,1,1,9,1,0
576,99.222147,12288,129,8,12,1,1,17,1,4
577,99.399629,4096,0,1,18,1,273,8,1,0
578,99.425623,16384,129,6,1,1,1,22,1,5
579,99.453474,16384,0,6,1,1,1,14,1,0
580,99.615865,12288,0,6,16,1,1,19,1,0
581,99.627598,12288,128,2,16,1,1,28,1,0
582,99.866635,12288,128,3,16,1,1,12,1,0
583,99.885471,12288,0,7,17,1,1,21,1,0
584,100.242986,12288,0,2,18,1,1,21,1,0
585,100.276757,12288,129,8,12,1,1,16,1,10
586,100.853360,12288,0,4,17,1,1,25,1,0
587,100.911912,12288,0,2,15,1,1,11,1,0
588,101.033402,12288,129,7,16,1,1,22,1,4
589,102.006647,12288,128,4,17,1,1,26,1,0
590,102.372794,12288,128,3,17,1,1,18,1,0
591,102.741781,4096,0,5,23,1,273,27,1,0
592,102.794296,12288,0,3,18,1,1,12,1,0
593,102.821905,12288,129,8,12,1,1,8,1,5
594,103.109780,16384,0,6,3,1,1,28,1,0
595,103.174869,12288,128,2,15,1,1,23,1,0
596,103.427976,16384,129,6,1,1,1,24,1,5
597,103.542599,4096,128,1,18,1,273,14,1,0
598,103.567071,12288,0,8,16,1,1,8,1,0
599,103.604763,4096,1,5,42,1,546,15,1,0
600,103.647747,12288,128,6,16,1,1,27,1,0
601,103.663539,12288,0,7,16,1,1,25,1,0
602,103.684400,4096,1,2,22,1,4095,24,1,0
603,103.780719,12288,128,2,17,1,1,17,1,0
604,103.828992,16384,129,6,1,1,1,25,1,10
605,103.873878,12288,129,6,16,1,1,16,1,10
606,103.874779,12288,2,5,43,1,2,21,1,0
607,103.930619,12288,2,8,22,1,2,17,1,0
608,104.072769,16384,2,7,22,1,2,12,1,0
609,104.156581,16384,128,6,3,1,1,28,1,0
610,104.464616,12288,0,6,18,1,1,15,1,0
611,104.693874,12288,128,2,18,1,1,13,1,0
612,104.767446,12288,0,2,19,1,1,18,1,0
613,104.776110,12288,128,7,17,1,1,17,1,0
614,105.280511,4096,0,5,24,1,273,28,1,0
615,105.284597,4096,0,4,16,1,273,22,1,0
616,105.616645,12288,0,4,18,1,1,24,1,0
617,106.030528,16384,0,6,1,1,1,26,1,0
618,106.330865,12288,129,6,18,1,1,17,1,4
619,106.676969,12288,0,6,16,1,1,20,1,0
620,106.869067,12288,128,4,18,1,1,8,1,0
621,107.202657,12288,0,2,20,1,1,9,1,0
622,107.369081,12288,0,7,18,1,1,21,1,0
623,107.447346,12288,129,3,18,1,1,27,1,6
624,107.476614,4096,128,5,23,1,273,23,1,0
625,107.476830,12288,128,8,16,1,1,25,1,0
626,107.583654,12288,129,8,12,1,1,20,1,10
627,107.701427,4096,128,5,24,1,273,10,1,0
628,107.946012,12288,0,3,19,1,1,18,1,0
629,108.308855,4096,128,4,16,1,273,17,1,0
630,108.362195,12288,128,7,16,1,1,14,1,0
631,108.422577,12288,128,2,20,1,1,16,1,0
632,108.501810,12288,128,2,19,1,1,11,1,0
633,108.514828,4096,1,5,44,1,546,13,1,0
634,108.697106,4096,1,2,23,1,4095,19,1,0
635,108.933796,12288,2,8,23,1,2,18,1,0
636,108.939317,12288,2,5,45,1,2,12,1,0
637,108.961287,12288,0,2,21,1,1,13,1,0
638,108.993601,16384,2,7,23,1,2,25,1,0
639,109.016670,12288,0,3,20,1,1,17,1,0
640,109.033188,4096,0,4,17,1,273,13,1,0
641,109.179261,12288,0,6,18,1,1,15,1,0
642,109.298732,4096,0,1,19,1,273,23,1,0
643,109.323476,12288,0,6,19,1,1,10,1,0
644,109.631301,16384,129,6,1,1,1,15,1,9
645,109.875850,12288,0,4,19,1,1,11,1,0
646,110.015948,12288,129,3,18,1,1,9,1,9
647,110.079953,12288,0,3,18,1,1,14,1,0
648,110.496434,12288,128,2,21,1,1,8,1,0
649,110.852560,12288,128,3,19,1,1,12,1,0
650,111.131021,12288,128,3,20,1,1,24,1,0
651,111.248088,12288,0,8,17,1,1,15,1,0
652,111.250736,12288,129,6,16,1,1,14,1,1
653,111.316023,12288,128,6,19,1,1,21,1,0
654,111.327523,12288,128,7,18,1,1,21,1,0
655,111.566545,12288,128,4,19,1,1,15,1,0
656,112.018930,12288,0,6,20,1,1,9,1,0
657,112.113022,16384,0,6,4,1,1,17,1,0
658,112.236368,12288,0,3,21,1,1,21,1,0
659,112.253222,12288,129,6,18,1,1,27,1,5
660,112.255880,12288,0,4,20,1,1,22,1,0
661,112.329047,4096,0,5,25,1,273,18,1,0
662,112.581069,4096,128,4,17,1,273,9,1,0
663,112.608852,4096,128,1,19,1,273,19,1,0
664,113.284632,16384,128,6,4,1,1,11,1,0
665,113.366674,4096,0,4,18,1,273,17,1,0
666,113.554087,4096,1,5,46,1,546,24,1,0
667,113.718365,4096,1,2,24,1,4095,11,1,0
668,113.786646,12288,0,4,21,1,1,13,1,0
669,113.870677,12288,128,3,21,1,1,28,1,0
670,113.886515,12288,128,6,20,1,1,9,1,0
671,113.896109,12288,2,5,47,1,2,12,1,0
672,113.977200,12288,2,8,24,1,2,20,1,0
673,114.010708,12288,0,6,21,1,1,27,1,0
674,114.030688,12288,129,3,18,1,1,23,1,4
675,114.033604,16384,2,7,24,1,2,21,1,0
676,114.397156,12288,128,4,20,1,1,24,1,0
677,114.514162,12288,129,6,18,1,1,13,1,9
678,114.543116,4096,128,5,25,1,273,12,1,0
679,114.804741,12288,129,3,18,1,1,8,1,10
680,115.133709,12288,128,8,17,1,1,18,1,0
681,115.197765,12288,0,6,18,1,1,11,1,0
682,115.789008,12288,129,6,18,1,1,24,1,10
683,116.925279,12288,0,7,19,1,1,18,1,0
684,116.972903,4096,128,4,18,1,273,21,1,0
685,116.985283,12288,0,3,18,1,1,26,1,0
686,117.025680,12288,0,3,18,1,1,9,1,0
687,117.802904,12288,0,6,18,1,1,27,1,0
688,117.839348,4096,0,1,20,1,273,11,1,0
689,117.887214,12288,0,2,22,1,1,24,1,0
690,118.195475,12288,128,4,21,1,1,16,1,0
691,118.236276,12288,0,4,22,1,1,14,1,0
692,118.467568,12288,128,3,18,1,1,17,1,0
693,118.522689,4096,1,5,48,1,546,17,1,0
694,118.548731,12288,129,6,21,1,1,20,1,6
695,118.581886,12288,129,6,18,1,1,25,1,9
696,118.695256,4096,1,2,25,1,4095,27,1,0
697,118.924987,12288,2,8,25,1,2,9,1,0
698,118.941684,12288,2,5,49,1,2,12,1,0
699,119.058457,16384,2,7,25,1,2,15,1,0
700,119.183434,12288,0,8,18,1,1,10,1,0
701,119.290040,12288,0,3,22,1,1,9,1,0
702,119.469218,4096,0,1,21,1,273,20,1,0
703,119.635885,12288,129,6,18,1,1,17,1,9
704,119.688473,12288,129,4,22,1,1,27,1,5
705,119.715993,12288,129,6,18,1,1,24,1,9
706,119.795446,4096,0,4,19,1,273,23,1,0
707,119.921709,12288,0,2,23,1,1,25,1,0
708,120.405894,4096,0,5,26,1,273,24,1,0
709,120.530358,12288,0,3,23,1,1,26,1,0
710,120.656101,12288,128,2,22,1,1,21,1,0
711,120.861475,12288,0,6,18,1,1,15,1,0
712,120.950525,4096,128,1,20,1,273,24,1,0
713,121.031408,4096,128,4,19,1,273,24,1,0
714,121.044101,12288,128,8,18,1,1,18,1,0
715,121.350813,12288,0,6,21,1,1,23,1,0
716,121.374848,12288,128,7,19,1,1,11,1,0
717,121.759239,16384,0,6,4,1,1,13,1,0
718,121.867601,12288,129,3,18,1,1,16,1,9
719,122.192146,12288,129,6,18,1,1,25,1,10
720,122.197754,12288,0,4,23,1,1,12,1,0
721,122.288861,12288,0,6,18,1,1,13,1,0
722,122.298415,12288,0,4,22,1,1,10,1,0
723,122.306237,12288,0,2,24,1,1,10,1,0
724,122.365986,4096,128,5,26,1,273,26,1,0
725,122.400529,4096,128,1,21,1,273,20,1,0
726,122.555041,12288,128,6,18,1,1,18,1,0
727,122.623152,4096,0,1,22,1,273,10,1,0
728,122.847706,12288,0,6,22,1,1,25,1,0
729,122.912261,12288,0,3,24,1,1,8,1,0
730,123.332716,12288,0,8,19,1,1,11,1,0
731,123.618616,4096,1,5,50,1,546,12,1,0
732,123.664359,4096,1,2,26,1,4095,17,1,0
733,123.697006,12288,0,7,20,1,1,27,1,0
734,123.712861,12288,128,4,22,1,1,12,1,0
735,123.815614,12288,129,3,22,1,1,14,1,9
736,123.904688,12288,0,6,23,1,1,26,1,0
737,123.934558,12288,2,8,26,1,2,21,1,0
738,123.979156,12288,129,3,24,1,1,21,1,9
739,123.987265,12288,2,5,51,1,2,26,1,0
740,124.005611,4096,0,1,23,1,273,22,1,0
741,124.135120,16384,2,7,26,1,2,24,1,0
742,124.164071,12288,128,6,22,1,1,9,1,0
743,124.259375,4096,0,4,20,1,273,8,1,0
744,124.296557,12288,128,6,18,1,1,26,1,0
745,124.375876,12288,128,3,23,1,1,10,1,0
746,124.534722,12288,128,2,23,1,1,26,1,0
747,124.618233,4096,0,5,27,1,273,23,1,0
748,124.628112,12288,0,6,18,1,1,12,1,0
749,124.988201,12288,128,4,23,1,1,18,1,0
750,125.086259,12288,128,6,23,1,1,12,1,0
751,125.339654,16384,129,6,4,1,1,28,1,1
752,125.372745,12288,128,7,20,1,1,12,1,0
753,125.701367,4096,128,4,20,1,273,24,1,0
754,125.720157,12288,128,2,24,1,1,16,1,0
755,125.873003,12288,129,3,22,1,1,9,1,6
756,125.960519,12288,128,6,21,1,1,15,1,0
757,126.086773,4096,128,1,22,1,273,15,1,0
758,126.436815,12288,129,3,24,1,1,24,1,5
759,126.627599,12288,0,3,22,1,1,17,1,0
760,126.659198,12288,0,3,25,1,1,14,1,0
761,126.828800,12288,0,3,24,1,1,9,1,0
762,127.128434,12288,128,8,19,1,1,17,1,0
763,127.253405,4096,128,5,27,1,273,21,1,0
764,127.444275,12288,129,3,22,1,1,21,1,10
765,127.631987,16384,0,6,4,1,1,27,1,0
766,128.115732,4096,128,1,23,1,273,20,1,0
767,128.269592,16384,129,6,4,1,1,22,1,1
768,128.292560,4096,0,5,28,1,273,26,1,0
769,128.587656,4096,1,5,52,1,546,23,1,0
770,128.677230,4096,1,2,27,1,4095,11,1,0
771,128.767245,12288,128,6,18,1,1,17,1,0
772,128.863683,12288,2,8,27,1,2,22,1,0
773,128.950598,12288,2,5,53,1,2,11,1,0
774,129.060380,12288,0,2,25,1,1,9,1,0
775,129.140952,16384,2,7,27,1,2,19,1,0
776,129.515013,4096,0,4,21,1,273,25,1,0
777,129.727659,12288,128,3,22,1,1,17,1,0
778,129.810894,12288,129,3,24,1,1,8,1,10
779,130.021240,4096,128,5,28,1,273,22,1,0
780,130.219343,16384,0,6,4,1,1,17,1,0
781,130.222461,12288,0,6,24,1,1,22,1,0
782,130.282031,12288,0,3,22,1,1,19,1,0
783,130.290333,4096,0,1,24,1,273,19,1,0
784,130.482213,12288,128,3,24,1,1,24,1,0
785,130.533541,12288,0,8,20,1,1,22,1,0
786,130.701557,12288,0,4,24,1,1,23,1,0
787,131.473465,12288,129,3,25,1,1,14,1,6
788,131.565588,16384,129,6,4,1,1,12,1,10
789,131.714371,4096,129,4,21,1,273,20,1,6
790,131.925247,4096,0,4,22,1,273,28,1,0
791,132.577963,16384,128,6,4,1,1,28,1,0
792,132.799019,12288,0,3,24,1,1,26,1,0
793,133.056518,12288,0,7,21,1,1,23,1,0
794,133.280282,12288,128,2,25,1,1,13,1,0
795,133.493444,16384,128,6,4,1,1,24,1,0
796,133.495870,12288,0,3,26,1,1,13,1,0
797,133.572921,4096,1,5,54,1,546,18,1,0
798,133.580778,4096,1,2,28,1,4095,27,1,0
799,133.657805,12288,128,6,24,1,1,19,1,0
800,133.871242,4096,0,4,21,1,273,19,1,0
801,133.907226,12288,2,8,28,1,2,14,1,0
802,133.943225,4096,129,4,21,1,273,10,1,9
803,133.989098,12288,2,5,55,1,2,10,1,0
804,134.074501,12288,0,3,25,1,1,9,1,0
805,134.133918,4096,128,4,22,1,273,12,1,0
806,134.135115,16384,0,6,4,1,1,20,1,0
807,134.234421,16384,2,7,28,1,2,21,1,0
808,134.303891,12288,0,4,25,1,1,21,1,0
809,134.312078,12288,128,3,22,1,1,9,1,0
810,134.326250,4096,129,1,24,1,273,14,1,1
811,134.371434,12288,128,4,24,1,1,16,1,0
812,134.675714,12288,128,8,20,1,1,9,1,0
813,134.707204,12288,0,7,22,1,1,12,1,0
814,135.064388,4096,128,4,21,1,273,8,1,0
815,135.101776,16384,0,6,3,1,1,15,1,0
816,135.450087,4096,129,1,24,1,273,25,1,6
817,135.712825,12288,129,3,24,1,1,20,1,4
818,136.196782,12288,128,3,26,1,1,10,1,0
819,136.201490,4096,0,1,25,1,273,27,1,0
820,136.483646,4096,0,1,24,1,273,25,1,0
821,136.506494,16384,128,6,4,1,1,26,1,0
822,136.871247,16384,128,6,3,1,1,27,1,0
823,136.880893,12288,128,7,22,1,1,21,1,0
824,136.934508,4096,129,1,24,1,273,14,1,10
825,137.077260,12288,0,6,25,1,1,17,1,0
826,137.234730,4096,129,4,21,1,273,10,1,10
827,137.899940,4096,0,5,29,1,273,14,1,0
828,137.907819,12288,128,7,21,1,1,27,1,0
829,138.013851,12288,128,3,25,1,1,13,1,0
830,138.188632,12288,0,2,26,1,1,9,1,0
831,138.635257,12288,128,6,25,1,1,11,1,0
832,138.650219,4096,1,5,56,1,546,10,1,0
833,138.662095,4096,1,2,29,1,4095,24,1,0
834,138.822637,12288,2,8,29,1,2,19,1,0
835,138.924973,12288,129,4,25,1,1,8,1,1
836,139.012723,12288,2,5,57,1,2,18,1,0
837,139.062721,12288,0,4,26,1,1,22,1,0
838,139.136615,16384,2,7,29,1,2,27,1,0
839,139.478363,4096,0,1,24,1,273,28,1,0
840,139.925703,4096,128,5,29,1,273,11,1,0
841,139.926860,4096,0,4,21,1,273,26,1,0
842,139.932668,4096,0,1,26,1,273,8,1,0
843,140.041273,12288,0,8,21,1,1,13,1,0
844,140.071986,4096,128,1,24,1,273,17,1,0
845,140.222191,16384,0,6,3,1,1,23,1,0
846,140.802205,12288,128,2,26,1,1,27,1,0
847,140.909574,12288,0,6,26,1,1,27,1,0
848,140.924907,4096,128,1,25,1,273,17,1,0
849,140.986160,4096,128,1,24,1,273,22,1,0
850,140.994782,4096,0,4,23,1,273,15,1,0
851,141.229337,12288,0,2,27,1,1,17,1,0
852,141.525659,12288,0,7,23,1,1,14,1,0
853,141.598532,16384,128,6,3,1,1,9,1,0
854,141.823293,12288,0,4,25,1,1,28,1,0
855,141.878415,12288,0,4,27,1,1,26,1,0
856,141.928066,12288,128,6,26,1,1,8,1,0
857,142.718596,12288,0,3,27,1,1,22,1,0
858,142.880372,4096,128,4,21,1,273,20,1,0
859,142.952823,4096,128,1,26,1,273,28,1,0
860,143.167797,4096,128,4,23,1,273,15,1,0
861,143.350674,12288,128,4,26,1,1,28,1,0
862,143.602971,4096,1,5,58,1,546,16,1,0
863,143.631704,4096,0,5,30,1,273,28,1,0
864,143.721835,4096,1,2,30,1,4095,27,1,0
865,143.841629,12288,0,6,27,1,1,12,1,0
866,143.892605,12288,2,8,30,1,2,26,1,0
867,143.903827,12288,128,8,21,1,1,28,1,0
868,143.986223,12288,129,3,27,1,1,19,1,4
869,144.019811,12288,2,5,59,1,2,20,1,0
870,144.054911,16384,2,7,30,1,2,23,1,0
871,144.094851,12288,128,2,27,1,1,28,1,0
872,144.276308,12288,128,4,25,1,1,10,1,0
873,144.776975,12288,0,2,28,1,1,22,1,0
874,144.846226,12288,128,7,23,1,1,24,1,0
875,144.889302,4096,0,5,31,1,273,16,1,0
876,145.111498,4096,0,1,27,1,273,8,1,0
877,145.452737,12288,128,4,27,1,1,19,1,0
878,145.837912,16384,0,6,5,1,1,27,1,0
879,146.304186,12288,0,3,28,1,1,14,1,0
880,146.413052,4096,128,1,27,1,273,27,1,0
881,146.576311,12288,128,6,27,1,1,11,1,0
882,146.760491,12288,0,3,27,1,1,8,1,0
883,147.354250,4096,0,1,28,1,273,22,1,0
884,147.384118,12288,129,2,28,1,1,17,1,1
885,147.387009,4096,0,4,24,1,273,10,1,0
886,147.795539,4096,128,5,30,1,273,21,1,0
887,148.154311,16384,128,6,5,1,1,19,1,0
888,148.376222,12288,128,3,28,1,1,17,1,0
889,148.651266,4096,1,5,60,1,546,13,1,0
890,148.746927,4096,128,5,31,1,273,11,1,0
891,148.776098,4096,1,2,31,1,4095,13,1,0
892,148.821008,12288,2,8,31,1,2,9,1,0
893,148.897447,12288,129,2,28,1,1,24,1,5
894,149.084990,12288,2,5,61,1,2,8,1,0
895,149.108823,16384,2,7,31,1,2,18,1,0
896,149.845686,12288,0,8,22,1,1,12,1,0
897,150.160750,4096,128,4,24,1,273,15,1,0
898,150.173650,12288,0,2,28,1,1,26,1,0
899,150.176445,12288,0,4,28,1,1,23,1,0
900,150.260422,4096,128,1,28,1,273,8,1,0
901,150.339394,4096,0,1,29,1,273,8,1,0
902,151.168017,12288,0,7,24,1,1,10,1,0
903,151.510388,12288,128,3,27,1,1,8,1,0
904,151.988982,12288,0,6,28,1,1,28,1,0
905,152.035773,12288,128,2,28,1,1,12,1,0
906,152.539659,12288,129,8,22,1,1,14,1,5
907,152.581337,12288,129,2,28,1,1,27,1,10
908,153.149593,12288,128,4,28,1,1,25,1,0
909,153.248631,16384,0,6,4,1,1,26,1,0
910,153.260542,4096,0,4,1,1,273,23,1,0
911,153.359057,12288,0,2,29,1,1,27,1,0
912,153.455450,12288,128,7,24,1,1,22,1,0
913,153.680017,4096,1,5,62,1,546,10,1,0
914,153.737828,12288,0,3,29,1,1,20,1,0
915,153.749970,12288,2,8,32,1,2,25,1,0
916,153.783034,4096,1,2,32,1,4095,12,1,0
917,154.100777,12288,129,8,22,1,1,24,1,5
918,154.145623,16384,2,7,32,1,2,22,1,0
919,154.148280,12288,2,5,63,1,2,19,1,0
920,154.344160,4096,0,5,32,1,273,15,1,0
921,154.701255,12288,0,8,22,1,1,28,1,0
922,154.771313,4096,128,1,29,1,273,21,1,0
923,154.850180,4096,0,1,30,1,273,26,1,0
924,155.157598,4096,129,4,1,1,273,11,1,5
925,155.337638,12288,0,4,29,1,1,17,1,0
926,155.361618,4096,128,5,32,1,273,9,1,0
927,155.406264,12288,0,2,28,1,1,8,1,0
928,155.822855,12288,0,8,23,1,1,24,1,0
929,156.007300,12288,128,2,29,1,1,23,1,0
930,156.099090,12288,128,6,28,1,1,11,1,0
931,156.353693,12288,128,3,29,1,1,18,1,0
932,156.492182,12288,128,8,22,1,1,27,1,0
933,156.643190,4096,0,4,25,1,273,20,1,0
934,156.848403,4096,129,4,1,1,273,26,1,5
935,157.233489,4096,0,4,1,1,273,24,1,0
936,157.325928,12288,129,8,22,1,1,24,1,10
937,157.805705,4096,0,1,31,1,273,15,1,0
938,157.839530,12288,128,4,29,1,1,26,1,0
939,157.881681,12288,0,3,30,1,1,14,1,0
940,157.924933,12288,0,2,30,1,1,8,1,0
941,158.154023,4096,129,4,1,1,273,14,1,10
942,158.164073,16384,129,6,4,1,1,14,1,1
943,158.684392,4096,1,5,64,1,546,9,1,0
944,158.792451,4096,1,2,33,1,4095,9,1,0
945,158.816443,12288,2,8,33,1,2,20,1,0
946,158.819675,4096,128,1,30,1,273,21,1,0
947,159.160404,4096,128,4,1,1,273,21,1,0
948,159.200843,12288,2,5,65,1,2,16,1,0
949,159.228634,16384,2,7,33,1,2,27,1,0
950,159.253113,16384,0,6,5,1,1,27,1,0
951,159.261908,4096,128,4,25,1,273,26,1,0
952,159.310050,12288,128,8,23,1,1,21,1,0
953,159.489640,12288,129,8,22,1,1,19,1,5
954,159.567520,12288,0,8,22,1,1,26,1,0
955,159.637709,12288,128,2,28,1,1,27,1,0
956,160.200717,4096,0,4,1,1,273,8,1,0
957,160.469585,12288,0,7,25,1,1,19,1,0
958,160.623750,4096,0,1,32,1,273,27,1,0
959,160.656716,16384,0,6,5,1,1,28,1,0
960,160.950300,4096,0,4,26,1,273,10,1,0
961,161.011083,16384,0,6,4,1,1,23,1,0
962,161.253338,12288,0,4,30,1,1,27,1,0
963,161.608351,4096,128,1,31,1,273,17,1,0
964,161.700350,12288,128,3,30,1,1,22,1,0
965,161.856515,12288,128,2,30,1,1,12,1,0
966,161.875619,12288,0,6,29,1,1,13,1,0
967,161.949326,12288,128,7,25,1,1,15,1,0
968,162.650110,12288,129,4,30,1,1,11,1,9
969,163.041623,12288,129,8,22,1,1,18,1,10
970,163.278544,4096,128,4,1,1,273,18,1,0
971,163.582256,12288,0,8,24,1,1,13,1,0
972,163.593646,16384,129,6,5,1,1,22,1,9
973,163.668689,4096,0,5,33,1,273,10,1,0
974,163.704592,4096,1,5,66,1,546,9,1,0
975,163.766558,4096,1,2,34,1,4095,8,1,0
976,163.843635,12288,2,8,34,1,2,14,1,0
977,163.918520,12288,128,8,22,1,1,9,1,0
978,163.972704,12288,0,2,31,1,1,10,1,0
979,164.123794,16384,128,6,4,1,1,16,1,0
980,164.222966,16384,2,7,34,1,2,16,1,0
981,164.291823,12288,2,5,67,1,2,18,1,0
982,165.336747,12288,0,4,30,1,1,17,1,0
983,165.370446,4096,128,1,32,1,273,22,1,0
984,165.428657,12288,0,8,22,1,1,18,1,0
985,165.610813,16384,128,6,5,1,1,11,1,0
986,165.637913,12288,128,6,29,1,1,27,1,0
987,165.666751,12288,0,3,31,1,1,26,1,0
988,165.819005,4096,128,4,26,1,273,18,1,0
989,165.920973,12288,129,2,31,1,1,18,1,6
990,166.057371,16384,0,6,5,1,1,25,1,0
991,166.077555,4096,0,1,33,1,273,9,1,0
992,166.278549,16384,129,6,5,1,1,24,1,5
993,166.500489,4096,0,4,27,1,273,21,1,0
994,166.806774,12288,129,8,24,1,1,21,1,9
995,167.222573,12288,129,3,31,1,1,14,1,4
996,167.231380,12288,0,7,26,1,1,11,1,0
997,167.548268,12288,128,4,30,1,1,24,1,0
998,167.912231,12288,129,8,24,1,1,15,1,5
999,168.006412,4096,0,5,34,1,273,15,1,0
1000,168.013023,12288,0,4,31,1,1,22,1,0
1001,168.622857,4096,128,5,33,1,273,18,1,0
1002,168.714956,4096,1,5,68,1,546,15,1,0
1003,168.756246,4096,1,2,35,1,4095,15,1,0
1004,168.785977,12288,2,8,35,1,2,26,1,0
1005,168.884322,12288,0,2,31,1,1,17,1,0
1006,168.890022,12288,0,6,30,1,1,23,1,0
1007,168.908206,12288,0,8,24,1,1,16,1,0
1008,169.205760,16384,2,7,35,1,2,20,1,0
1009,169.293462,12288,0,3,31,1,1,20,1,0
1010,169.296616,12288,2,5,69,1,2,23,1,0
1011,169.433905,12288,128,8,22,1,1,18,1,0
1012,169.454698,12288,129,3,31,1,1,23,1,9
1013,170.008929,4096,128,1,33,1,273,20,1,0
1014,170.064223,12288,128,7,26,1,1,9,1,0
1015,170.104723,16384,0,6,3,1,1,13,1,0
1016,170.225518,16384,129,6,5,1,1,22,1,10
1017,170.290854,16384,128,6,5,1,1,10,1,0
1018,170.465964,12288,129,8,24,1,1,17,1,10
1019,170.562204,12288,129,3,31,1,1,20,1,10
1020,170.692077,4096,128,4,27,1,273,8,1,0
1021,170.977900,12288,128,6,30,1,1,11,1,0
1022,170.977988,12288,0,3,32,1,1,18,1,0
1023,170.990355,4096,128,5,34,1,273,11,1,0
1024,171.343787,4096,0,1,34,1,273,9,1,0
1025,171.500476,16384,129,6,5,1,1,24,1,4
1026,172.333966,12288,129,3,31,1,1,22,1,5
1027,172.603598,12288,0,8,24,1,1,24,1,0
1028,172.663756,12288,128,2,31,1,1,20,1,0
1029,172.781621,12288,129,4,31,1,1,25,1,5
1030,172.802537,12288,128,8,24,1,1,22,1,0
1031,172.953143,12288,0,8,25,1,1,9,1,0
1032,173.007643,16384,0,6,5,1,1,13,1,0
1033,173.206259,12288,0,2,32,1,1,17,1,0
1034,173.435309,12288,0,3,31,1,1,14,1,0
1035,173.487381,12288,0,7,27,1,1,18,1,0
1036,173.739092,12288,2,8,36,1,2,14,1,0
1037,173.739709,4096,1,5,70,1,546,11,1,0
1038,173.784922,12288,128,3,32,1,1,15,1,0
1039,173.787051,4096,1,2,36,1,4095,22,1,0
1040,173.796989,16384,128,6,3,1,1,26,1,0
1041,174.273853,16384,2,7,36,1,2,11,1,0
1042,174.296705,12288,2,5,71,1,2,9,1,0
1043,174.675410,16384,129,6,5,1,1,18,1,10
1044,174.715541,12288,0,4,32,1,1,8,1,0
1045,174.805189,12288,0,3,31,1,1,24,1,0
1046,174.879075,4096,128,1,34,1,273,22,1,0
1047,175.118721,12288,128,3,31,1,1,8,1,0
1048,175.143709,12288,128,8,25,1,1,17,1,0
1049,175.639672,4096,0,4,28,1,273,17,1,0
1050,175.666442,12288,128,8,24,1,1,20,1,0
1051,175.691333,12288,0,2,33,1,1,26,1,0
1052,175.758061,12288,0,4,31,1,1,12,1,0
1053,175.783696,16384,129,6,5,1,1,12,1,6
1054,176.280936,12288,128,7,27,1,1,22,1,0
1055,176.421083,12288,128,2,32,1,1,23,1,0
1056,176.780671,12288,0,6,31,1,1,26,1,0
1057,177.093416,16384,0,6,5,1,1,10,1,0
1058,177.120132,12288,128,3,31,1,1,8,1,0
1059,177.278883,12288,128,2,33,1,1,15,1,0
1060,177.285225,4096,0,5,35,1,273,25,1,0
1061,177.310213,4096,128,4,28,1,273,19,1,0
1062,177.469169,4096,0,1,35,1,273,27,1,0
1063,177.522073,16384,0,6,5,1,1,20,1,0
1064,177.763267,12288,128,4,31,1,1,17,1,0
1065,178.364395,12288,128,6,31,1,1,9,1,0
1066,178.474096,12288,0,8,26,1,1,21,1,0
1067,178.641148,4096,1,5,72,1,546,25,1,0
1068,178.740815,12288,2,8,37,1,2,18,1,0
1069,178.741286,4096,1,2,37,1,4095,8,1,0
1070,178.746089,4096,128,5,35,1,273,16,1,0
1071,179.213893,16384,2,7,37,1,2,23,1,0
1072,179.218132,16384,129,6,5,1,1,17,1,4
1073,179.385465,12288,2,5,73,1,2,11,1,0
1074,179.433218,12288,128,4,32,1,1,22,1,0
1075,179.751009,16384,128,6,5,1,1,22,1,0
1076,180.226221,4096,0,1,36,1,273,9,1,0
1077,180.338457,12288,0,4,33,1,1,8,1,0
1078,180.774842,12288,0,3,33,1,1,23,1,0
1079,180.896307,12288,0,7,28,1,1,8,1,0
1080,182.128397,12288,128,8,26,1,1,10,1,0
1081,182.247867,12288,0,6,32,1,1,10,1,0
1082,182.263461,12288,128,7,28,1,1,26,1,0
1083,182.294911,4096,128,1,35,1,273,21,1,0
1084,182.916085,12288,0,8,27,1,1,16,1,0
1085,183.103046,12288,0,4,34,1,1,16,1,0
1086,183.398475,16384,0,6,6,1,1,24,1,0
1087,183.403208,4096,0,4,29,1,273,13,1,0
1088,183.568930,4096,129,1,36,1,273,13,1,9
1089,183.611425,4096,1,5,74,1,546,8,1,0
1090,183.671860,4096,1,2,38,1,4095,12,1,0
1091,183.782267,12288,2,8,38,1,2,28,1,0
1092,183.892241,12288,128,3,33,1,1,22,1,0
1093,184.077392,4096,0,1,37,1,273,20,1,0
1094,184.304117,12288,2,5,75,1,2,19,1,0
1095,184.304421,16384,2,7,38,1,2,10,1,0
1096,184.362576,12288,0,2,34,1,1,16,1,0
1097,184.380175,12288,0,7,29,1,1,8,1,0
1098,184.411842,16384,0,6,7,1,1,10,1,0
1099,184.706014,4096,0,5,36,1,273,26,1,0
1100,185.151924,12288,128,4,33,1,1,11,1,0
1101,185.244995,4096,129,1,36,1,273,23,1,4
1102,185.666180,12288,128,6,32,1,1,23,1,0
1103,185.761107,4096,0,4,30,1,273,17,1,0
1104,186.069308,12288,129,2,34,1,1,8,1,9
1105,186.146661,12288,0,6,33,1,1,22,1,0
1106,186.318085,4096,128,4,29,1,273,21,1,0
1107,186.542082,4096,0,1,36,1,273,14,1,0
1108,186.633781,16384,128,6,6,1,1,28,1,0
1109,186.719835,16384,128,6,7,1,1,12,1,0
1110,186.973871,4096,129,5,36,1,273,9,1,4
1111,187.037697,12288,128,4,34,1,1,22,1,0
1112,187.290357,4096,0,4,31,1,273,23,1,0
1113,187.372933,16384,0,6,6,1,1,17,1,0
1114,187.496301,12288,128,8,27,1,1,19,1,0
1115,187.860061,4096,128,1,36,1,273,10,1,0
1116,187.957317,12288,128,7,29,1,1,21,1,0
1117,188.313100,4096,128,4,30,1,273,22,1,0
1118,188.367645,4096,129,1,37,1,273,17,1,1
1119,188.530614,12288,128,6,33,1,1,27,1,0
1120,188.538078,12288,0,2,34,1,1,28,1,0
1121,188.618106,4096,1,2,39,1,4095,14,1,0
1122,188.664584,4096,1,5,76,1,546,12,1,0
1123,188.748973,12288,2,8,39,1,2,21,1,0
1124,188.877884,12288,0,4,35,1,1,11,1,0
1125,188.928704,12288,0,6,34,1,1,17,1,0
1126,188.957072,12288,0,8,28,1,1,25,1,0
1127,189.051963,4096,129,5,36,1,273,17,1,1
1128,189.172077,4096,0,5,36,1,273,21,1,0
1129,189.249941,16384,128,6,6,1,1,22,1,0
1130,189.264336,12288,2,5,77,1,2,23,1,0
1131,189.380405,4096,129,1,36,1,273,15,1,10
1132,189.391280,16384,2,7,39,1,2,9,1,0
1133,189.412396,12288,0,3,34,1,1,19,1,0
1134,189.593630,4096,128,4,31,1,273,14,1,0
1135,189.783309,4096,129,1,37,1,273,13,1,6
1136,189.943727,4096,0,4,32,1,273,21,1,0
1137,190.120363,12288,128,4,35,1,1,23,1,0
1138,190.966449,4096,129,5,36,1,273,12,1,10
1139,191.000530,4096,0,1,38,1,273,22,1,0
1140,191.009769,4096,129,1,37,1,273,28,1,10
1141,191.119319,4096,0,1,37,1,273,10,1,0
1142,191.275978,4096,128,5,36,1,273,28,1,0
1143,191.423291,4096,129,1,36,1,273,9,1,4
1144,191.467300,4096,0,4,33,1,273,28,1,0
1145,191.693365,4096,0,5,37,1,273,10,1,0
1146,191.758042,12288,128,3,34,1,1,15,1,0
1147,191.862903,4096,0,1,36,1,273,22,1,0
1148,192.389352,12288,0,7,30,1,1,14,1,0
1149,192.618718,12288,128,6,34,1,1,23,1,0
1150,192.697197,12288,0,2,35,1,1,19,1,0
1151,192.833460,4096,128,4,32,1,273,11,1,0
1152,192.978399,16384,0,6,6,1,1,19,1,0
1153,192.996294,4096,128,4,33,1,273,23,1,0
1154,193.076773,12288,129,2,34,1,1,17,1,9
1155,193.419589,4096,128,5,37,1,273,15,1,0
1156,193.482526,12288,128,8,28,1,1,10,1,0
1157,193.511726,4096,0,1,37,1,273,8,1,0
1158,193.556030,4096,128,1,37,1,273,11,1,0
1159,193.609843,4096,0,5,36,1,273,17,1,0
1160,193.634677,4096,129,1,36,1,273,22,1,10
1161,193.641068,4096,1,2,40,1,4095,21,1,0
1162,193.688538,4096,1,5,78,1,546,21,1,0
1163,193.825950,12288,2,8,40,1,2,18,1,0
1164,194.066098,12288,128,7,30,1,1,11,1,0
1165,194.096295,12288,0,7,31,1,1,24,1,0
1166,194.312097,12288,2,5,79,1,2,12,1,0
1167,194.316050,12288,0,6,35,1,1,21,1,0
1168,194.354636,4096,0,1,39,1,273,26,1,0
1169,194.455419,16384,2,7,40,1,2,23,1,0
1170,195.109681,16384,129,6,6,1,1,17,1,5
1171,195.546009,4096,128,1,39,1,273,19,1,0
1172,195.630171,12288,0,4,36,1,1,25,1,0
1173,195.683171,4096,128,1,38,1,273,10,1,0
1174,195.729300,4096,128,1,36,1,273,10,1,0
1175,195.773103,12288,0,2,34,1,1,8,1,0
1176,195.804219,4096,0,1,36,1,273,22,1,0
1177,196.024424,12288,128,2,35,1,1,10,1,0
1178,196.147030,12288,0,8,29,1,1,28,1,0
1179,196.410593,16384,0,6,4,1,1,21,1,0
1180,196.457272,4096,0,1,40,1,273,17,1,0
1181,196.541928,4096,0,5,38,1,273,15,1,0
1182,196.575855,4096,0,4,34,1,273,22,1,0
1183,196.840955,4096,128,1,37,1,273,12,1,0
1184,196.854027,4096,128,5,36,1,273,28,1,0
1185,197.046995,12288,128,7,31,1,1,15,1,0
1186,197.215399,12288,0,8,30,1,1,21,1,0
1187,197.338577,4096,128,1,36,1,273,28,1,0
1188,197.567729,16384,0,6,6,1,1,10,1,0
1189,197.567870,12288,128,6,35,1,1,26,1,0
1190,197.656275,12288,129,8,29,1,1,12,1,9
1191,197.775148,12288,128,2,34,1,1,17,1,0
1192,198.107303,16384,129,6,6,1,1,10,1,1
1193,198.405102,4096,128,5,38,1,273,24,1,0
1194,198.481166,12288,0,2,36,1,1,9,1,0
1195,198.613479,16384,129,6,6,1,1,25,1,5
1196,198.634565,4096,1,5,80,1,546,9,1,0
1197,198.664462,4096,1,2,41,1,4095,9,1,0
1198,198.889545,12288,2,8,41,1,2,20,1,0
1199,198.892686,12288,0,7,32,1,1,8,1,0
1200,198.999035,16384,128,6,4,1,1,8,1,0
1201,199.059654,12288,0,3,35,1,1,12,1,0
1202,199.189740,12288,0,8,31,1,1,9,1,0
1203,199.209283,12288,129,8,29,1,1,21,1,4
1204,199.290083,12288,2,5,81,1,2,15,1,0
1205,199.365614,16384,2,7,41,1,2,18,1,0
1206,199.806362,12288,0,4,37,1,1,18,1,0
1207,200.125979,12288,0,8,29,1,1,24,1,0
1208,200.189812,12288,129,8,30,1,1,26,1,1
1209,200.398001,12288,128,4,36,1,1,22,1,0
1210,200.628474,12288,128,2,36,1,1,11,1,0
1211,200.697592,12288,129,8,31,1,1,18,1,1
1212,200.758911,4096,0,1,41,1,273,14,1,0
1213,200.823376,4096,128,1,40,1,273,28,1,0
1214,200.878116,12288,0,6,36,1,1,23,1,0
1215,200.986023,16384,0,6,6,1,1,15,1,0
1216,201.252027,4096,128,4,34,1,273,27,1,0
1217,201.800421,16384,0,6,8,1,1,25,1,0
1218,202.094368,12288,0,6,37,1,1,23,1,0
1219,202.205186,12288,128,6,36,1,1,12,1,0
1220,202.337854,12288,0,7,33,1,1,19,1,0
1221,202.511838,4096,0,5,39,1,273,28,1,0
1222,202.704925,12288,0,8,30,1,1,26,1,0
1223,202.955259,12288,129,3,35,1,1,10,1,1
1224,202.987872,16384,129,6,6,1,1,19,1,10
1225,203.100657,12288,0,6,38,1,1,19,1,0
1226,203.147103,12288,0,8,32,1,1,10,1,0
1227,203.149876,12288,129,4,37,1,1,10,1,9
1228,203.308033,16384,129,6,8,1,1,20,1,9
1229,203.466600,12288,129,6,37,1,1,25,1,4
1230,203.505537,12288,0,8,31,1,1,19,1,0
1231,203.545317,12288,128,7,32,1,1,16,1,0
1232,203.569625,4096,0,5,40,1,273,10,1,0
1233,203.651522,4096,1,2,42,1,4095,8,1,0
1234,203.701389,4096,1,5,82,1,546,22,1,0
1235,203.778370,12288,128,8,29,1,1,13,1,0
1236,203.964478,12288,2,8,42,1,2,14,1,0
1237,204.154665,12288,129,8,29,1,1,25,1,10
1238,204.226373,12288,2,5,83,1,2,10,1,0
1239,204.232833,4096,0,4,35,1,273,11,1,0
1240,204.239204,12288,0,8,33,1,1,11,1,0
1241,204.439294,16384,2,7,42,1,2,19,1,0
1242,204.456812,16384,129,6,6,1,1,10,1,1
1243,204.477180,12288,0,6,39,1,1,21,1,0
1244,204.541123,12288,0,2,37,1,1,25,1,0
1245,204.676652,16384,128,6,6,1,1,20,1,0
1246,204.778570,4096,128,5,40,1,273,28,1,0
1247,204.895139,4096,128,1,41,1,273,11,1,0
1248,204.975354,12288,129,8,32,1,1,8,1,5
1249,205.182667,12288,0,3,36,1,1,16,1,0
1250,205.564034,4096,0,4,36,1,273,10,1,0
1251,205.676258,12288,0,4,37,1,1,10,1,0
1252,205.727909,16384,0,6,8,1,1,15,1,0
1253,205.731881,4096,129,5,39,1,273,27,1,4
1254,205.742878,12288,0,3,35,1,1,25,1,0
1255,205.765529,16384,0,6,6,1,1,18,1,0
1256,205.912545,12288,0,6,40,1,1,10,1,0
1257,205.958591,12288,128,8,31,1,1,13,1,0
1258,205.962591,16384,129,6,6,1,1,28,1,10
1259,205.997240,12288,0,6,37,1,1,21,1,0
1260,206.274632,12288,128,3,36,1,1,28,1,0
1261,206.287710,12288,129,6,38,1,1,21,1,1
1262,206.441892,12288,0,8,29,1,1,17,1,0
1263,206.811755,4096,0,5,41,1,273,27,1,0
1264,206.926398,12288,128,7,33,1,1,14,1,0
1265,207.051478,4096,0,1,42,1,273,28,1,0
1266,207.077174,12288,128,6,40,1,1,17,1,0
1267,207.151292,12288,0,8,32,1,1,21,1,0
1268,207.235185,12288,128,6,39,1,1,14,1,0
1269,207.306395,12288,128,8,30,1,1,21,1,0
1270,207.358247,12288,129,4,37,1,1,19,1,5
1271,207.717915,12288,128,8,33,1,1,25,1,0
1272,207.884756,16384,0,6,7,1,1,28,1,0
1273,207.924763,12288,0,3,37,1,1,18,1,0
1274,208.057073,12288,128,6,37,1,1,21,1,0
1275,208.244835,4096,0,5,39,1,273,27,1,0
1276,208.505950,16384,129,6,6,1,1,21,1,5
1277,208.657716,4096,1,5,84,1,546,14,1,0
1278,208.665596,12288,128,3,35,1,1,14,1,0
1279,208.673563,4096,1,2,43,1,4095,21,1,0
1280,208.739454,12288,0,6,38,1,1,24,1,0
1281,208.881499,4096,129,4,35,1,273,12,1,6
1282,208.918328,16384,0,6,6,1,1,26,1,0
1283,208.960392,12288,0,4,38,1,1,21,1,0
1284,208.960578,12288,2,8,43,1,2,15,1,0
1285,209.008206,12288,128,2,37,1,1,8,1,0
1286,209.088826,16384,128,6,8,1,1,11,1,0
1287,209.137215,16384,0,6,8,1,1,23,1,0
1288,209.196928,12288,2,5,85,1,2,10,1,0
1289,209.210631,12288,129,4,37,1,1,24,1,9
1290,209.423286,12288,128,3,37,1,1,28,1,0
1291,209.519607,16384,2,7,43,1,2,16,1,0
1292,209.589360,4096,128,4,36,1,273,17,1,0
1293,209.726613,12288,128,8,29,1,1,19,1,0
1294,210.202243,12288,0,4,37,1,1,18,1,0
1295,210.670075,16384,0,6,6,1,1,27,1,0
1296,210.686456,4096,0,4,37,1,273,12,1,0
1297,210.696553,12288,128,8,32,1,1,20,1,0
1298,210.730434,4096,128,5,39,1,273,14,1,0
1299,210.965590,4096,129,4,35,1,273,25,1,4
1300,211.159379,12288,0,8,34,1,1,19,1,0
1301,211.210995,4096,0,4,35,1,273,20,1,0
1302,211.433477,12288,129,4,37,1,1,25,1,1
1303,211.469236,4096,128,5,41,1,273,18,1,0
1304,211.862789,16384,129,6,7,1,1,10,1,5
1305,211.992183,12288,0,7,34,1,1,11,1,0
1306,212.013400,16384,128,6,6,1,1,17,1,0
1307,212.030717,4096,128,1,42,1,273,23,1,0
1308,212.356443,12288,128,4,38,1,1,14,1,0
1309,212.631540,12288,0,2,38,1,1,8,1,0
1310,212.676029,12288,0,4,39,1,1,12,1,0
1311,213.061530,4096,128,4,37,1,273,27,1,0
1312,213.148030,12288,128,6,38,1,1,11,1,0
1313,213.565738,12288,0,4,37,1,1,17,1,0
1314,213.598125,4096,1,2,44,1,4095,28,1,0
1315,213.634291,4096,1,5,86,1,546,16,1,0
1316,213.647546,16384,128,6,6,1,1,25,1,0
1317,213.655846,12288,128,2,38,1,1,17,1,0
1318,213.853364,16384,128,6,8,1,1,18,1,0
1319,213.885412,12288,128,7,34,1,1,17,1,0
1320,213.952656,12288,2,8,44,1,2,9,1,0
1321,213.961828,4096,128,4,35,1,273,9,1,0
1322,214.045796,16384,0,6,7,1,1,9,1,0
1323,214.049788,12288,129,4,37,1,1,26,1,10
1324,214.149682,12288,2,5,87,1,2,25,1,0
1325,214.193019,4096,0,1,43,1,273,8,1,0
1326,214.286919,4096,129,4,35,1,273,11,1,10
1327,214.372473,4096,0,5,42,1,273,24,1,0
1328,214.557099,16384,2,7,44,1,2,14,1,0
1329,214.598318,12288,128,8,34,1,1,9,1,0
1330,214.728680,12288,0,6,41,1,1,27,1,0
1331,215.106506,12288,0,3,38,1,1,23,1,0
1332,215.144440,12288,0,8,35,1,1,19,1,0
1333,215.311038,4096,128,1,43,1,273,17,1,0
1334,215.552007,4096,0,4,38,1,273,16,1,0
1335,215.767454,16384,0,6,7,1,1,24,1,0
1336,215.770380,4096,129,5,42,1,273,15,1,9
1337,216.040191,12288,128,6,41,1,1,10,1,0
1338,216.273402,4096,0,1,44,1,273,22,1,0
1339,216.366365,12288,0,2,39,1,1,19,1,0
1340,216.457130,12288,0,4,37,1,1,10,1,0
1341,216.575980,4096,0,4,39,1,273,11,1,0
1342,216.686236,4096,129,4,35,1,273,16,1,5
1343,216.958070,4096,0,4,35,1,273,13,1,0
1344,217.006766,12288,0,4,40,1,1,15,1,0
1345,217.133999,12288,128,3,38,1,1,15,1,0
1346,217.366021,16384,128,6,7,1,1,20,1,0
1347,217.383762,12288,129,8,35,1,1,12,1,9
1348,217.430588,12288,128,4,39,1,1,24,1,0
1349,217.493190,12288,129,4,37,1,1,25,1,1
1350,217.681746,4096,0,1,45,1,273,25,1,0
1351,217.772463,12288,128,2,39,1,1,8,1,0
1352,217.946240,12288,0,2,40,1,1,24,1,0
1353,218.203832,4096,129,4,35,1,273,18,1,10
1354,218.324729,16384,129,6,7,1,1,23,1,6
1355,218.437684,4096,0,5,42,1,273,23,1,0
1356,218.557575,4096,0,5,43,1,273,24,1,0
1357,218.570275,4096,1,5,88,1,546,15,1,0
1358,218.595910,4096,1,2,45,1,4095,23,1,0
1359,218.680711,4096,129,4,35,1,273,24,1,6
1360,218.861738,12288,2,8,45,1,2,17,1,0
1361,219.098528,12288,2,5,89,1,2,18,1,0
1362,219.175001,12288,128,4,37,1,1,11,1,0
1363,219.218953,4096,129,4,35,1,273,17,1,4
1364,219.464290,16384,2,7,45,1,2,28,1,0
1365,219.469281,12288,128,4,40,1,1,23,1,0
1366,219.891882,4096,128,4,38,1,273,28,1,0
1367,219.894424,4096,128,1,44,1,273,18,1,0
1368,220.231545,12288,0,7,35,1,1,18,1,0
1369,220.259574,12288,0,8,35,1,1,15,1,0
1370,220.401576,4096,0,4,35,1,273,22,1,0
1371,220.719716,16384,0,6,7,1,1,11,1,0
1372,221.204683,12288,128,2,40,1,1,22,1,0
1373,221.372795,4096,128,4,39,1,273,9,1,0
1374,221.404176,12288,128,7,35,1,1,16,1,0
1375,221.517452,4096,129,4,35,1,273,25,1,10
1376,221.865268,16384,129,6,7,1,1,28,1,5
1377,222.048298,12288,0,7,36,1,1,19,1,0
1378,222.087518,12288,128,8,35,1,1,14,1,0
1379,222.244637,4096,128,1,45,1,273,21,1,0
1380,222.261791,12288,0,8,36,1,1,11,1,0
1381,222.488144,12288,0,6,42,1,1,15,1,0
1382,222.541290,4096,128,5,42,1,273,21,1,0
1383,222.712392,12288,0,3,39,1,1,20,1,0
1384,222.984501,4096,128,5,43,1,273,14,1,0
1385,223.548119,4096,1,2,46,1,4095,24,1,0
1386,223.563362,12288,0,2,41,1,1,22,1,0
1387,223.569920,4096,1,5,90,1,546,28,1,0
1388,223.807563,16384,0,6,4,1,1,26,1,0
1389,223.810211,12288,2,8,46,1,2,16,1,0
1390,223.846307,12288,0,3,40,1,1,28,1,0
1391,224.014929,12288,2,5,91,1,2,28,1,0
1392,224.116631,4096,0,1,46,1,273,15,1,0
1393,224.275862,16384,0,6,7,1,1,22,1,0
1394,224.381801,4096,0,4,35,1,273,22,1,0
1395,224.418706,16384,2,7,46,1,2,10,1,0
1396,224.510813,12288,0,6,43,1,1,9,1,0
1397,224.517689,4096,128,4,35,1,273,26,1,0
1398,224.649852,12288,128,8,36,1,1,16,1,0
1399,224.749026,12288,129,7,36,1,1,25,1,6
1400,225.289643,12288,128,3,39,1,1,22,1,0
1401,225.368970,12288,0,4,41,1,1,12,1,0
1402,225.771063,4096,0,1,47,1,273,23,1,0
1403,225.821139,12288,129,7,36,1,1,26,1,6
1404,225.963299,4096,0,4,40,1,273,9,1,0
1405,225.975239,12288,0,8,37,1,1,10,1,0
1406,226.136405,12288,128,3,40,1,1,10,1,0
1407,226.360858,4096,128,4,35,1,273,13,1,0
1408,226.400825,12288,129,4,41,1,1,23,1,9
1409,226.794179,12288,128,6,42,1,1,17,1,0
1410,226.847352,16384,128,6,7,1,1,25,1,0
1411,226.862601,12288,128,6,43,1,1,22,1,0
1412,227.149134,12288,0,7,36,1,1,25,1,0
1413,227.569936,4096,0,5,44,1,273,27,1,0
1414,227.753025,4096,128,1,46,1,273,11,1,0
1415,227.867575,12288,128,2,41,1,1,22,1,0
1416,227.895395,12288,129,7,36,1,1,23,1,10
1417,228.240258,16384,128,6,4,1,1,27,1,0
1418,228.375389,12288,129,4,41,1,1,25,1,6
1419,228.411068,12288,0,4,41,1,1,15,1,0
1420,228.492218,4096,1,5,92,1,546,23,1,0
1421,228.507131,4096,1,2,47,1,4095,9,1,0
1422,228.779985,12288,2,8,47,1,2,13,1,0
1423,228.898554,12288,0,3,41,1,1,16,1,0
1424,228.944693,12288,2,5,93,1,2,15,1,0
1425,229.124737,12288,0,6,44,1,1,12,1,0
1426,229.249100,4096,128,5,44,1,273,24,1,0
1427,229.458609,16384,2,7,47,1,2,18,1,0
1428,229.621666,4096,128,4,40,1,273,19,1,0
1429,229.665729,12288,0,7,37,1,1,24,1,0
1430,229.897037,16384,0,6,9,1,1,10,1,0
1431,230.156406,12288,128,6,44,1,1,13,1,0
1432,230.261568,4096,128,1,47,1,273,24,1,0
1433,230.349573,12288,128,8,37,1,1,20,1,0
1434,230.381556,12288,128,3,41,1,1,17,1,0
1435,230.483798,12288,0,6,45,1,1,27,1,0
1436,230.525945,12288,0,7,36,1,1,13,1,0
1437,230.697667,12288,128,7,36,1,1,12,1,0
1438,230.902545,12288,128,4,41,1,1,26,1,0
1439,231.605438,12288,128,7,37,1,1,17,1,0
1440,231.617203,12288,0,2,42,1,1,21,1,0
1441,231.823087,12288,128,7,36,1,1,23,1,0
1442,233.200835,16384,128,6,9,1,1,17,1,0
1443,233.346892,12288,129,4,41,1,1,8,1,10
1444,233.478733,4096,1,2,48,1,4095,9,1,0
1445,233.485710,12288,128,6,45,1,1,19,1,0
1446,233.552119,4096,1,5,94,1,546,12,1,0
1447,233.557412,12288,0,6,46,1,1,10,1,0
1448,233.606242,12288,128,2,42,1,1,21,1,0
1449,233.694412,12288,0,2,43,1,1,15,1,0
1450,233.724797,12288,2,8,48,1,2,9,1,0
1451,233.773350,4096,0,5,45,1,273,20,1,0
1452,233.939386,12288,2,5,95,1,2,27,1,0
1453,234.083384,12288,0,4,42,1,1,16,1,0
1454,234.281383,4096,0,1,48,1,273,22,1,0
1455,234.491251,12288,0,3,42,1,1,9,1,0
1456,234.523390,16384,2,7,48,1,2,11,1,0
1457,234.670387,12288,129,4,41,1,1,9,1,9
1458,234.829513,12288,0,8,38,1,1,26,1,0
1459,235.375585,12288,0,4,43,1,1,16,1,0
1460,235.411661,4096,128,5,45,1,273,21,1,0
1461,235.563257,12288,128,2,43,1,1,22,1,0
1462,235.762272,12288,128,4,42,1,1,14,1,0
1463,235.958047,12288,0,4,41,1,1,19,1,0
1464,235.960998,4096,0,4,41,1,273,10,1,0
1465,236.350448,4096,128,1,48,1,273,12,1,0
1466,236.378681,12288,128,8,38,1,1,22,1,0
1467,236.646835,12288,128,4,43,1,1,13,1,0
1468,236.778143,12288,129,4,41,1,1,26,1,10
1469,236.835369,16384,0,6,9,1,1,21,1,0
1470,237.404401,12288,0,2,44,1,1,11,1,0
1471,237.470575,12288,128,6,46,1,1,8,1,0
1472,237.606245,12288,128,3,42,1,1,18,1,0
1473,238.022425,16384,129,6,9,1,1,26,1,4
1474,238.510974,4096,1,5,96,1,546,17,1,0
1475,238.513564,4096,1,2,49,1,4095,22,1,0
1476,238.626695,12288,2,8,49,1,2,11,1,0
1477,238.934563,12288,2,5,97,1,2,8,1,0
1478,239.204117,12288,0,8,39,1,1,15,1,0
1479,239.221919,12288,0,4,41,1,1,8,1,0
1480,239.345660,4096,0,1,49,1,273,19,1,0
1481,239.390735,12288,0,7,38,1,1,28,1,0
1482,239.529068,16384,2,7,49,1,2,8,1,0
1483,239.567641,12288,129,2,44,1,1,11,1,5
1484,239.977740,12288,0,2,45,1,1,13,1,0
1485,240.380536,12288,0,4,44,1,1,16,1,0
1486,240.496608,4096,128,4,41,1,273,21,1,0
1487,240.575083,4096,128,1,49,1,273,23,1,0
1488,240.924279,16384,0,6,9,1,1,20,1,0
1489,240.951123,12288,128,4,41,1,1,26,1,0
1490,240.992437,12288,128,2,45,1,1,10,1,0
1491,241.064407,12288,0,6,47,1,1,27,1,0
1492,241.150513,12288,128,8,39,1,1,23,1,0
1493,241.571458,12288,0,2,44,1,1,18,1,0
1494,241.628951,4096,0,5,46,1,273,24,1,0
1495,241.886270,4096,0,1,50,1,273,8,1,0
1496,242.262858,12288,0,3,43,1,1,15,1,0
1497,242.630675,12288,128,2,44,1,1,13,1,0
1498,243.111775,12288,128,4,41,1,1,15,1,0
1499,243.172301,12288,129,4,44,1,1,12,1,1
1500,243.215186,16384,128,6,9,1,1,11,1,0
1501,243.438209,4096,128,5,46,1,273,21,1,0
1502,243.466562,4096,1,2,50,1,4095,16,1,0
1503,243.485149,12288,0,8,40,1,1,19,1,0
1504,243.491357,4096,1,5,98,1,546,27,1,0
1505,243.619547,12288,2,8,50,1,2,19,1,0
1506,243.857090,12288,2,5,99,1,2,9,1,0
1507,243.985745,12288,128,7,38,1,1,10,1,0
1508,244.374864,4096,0,4,42,1,273,27,1,0
1509,244.492261,16384,2,7,50,1,2,24,1,0
1510,244.595484,12288,0,6,48,1,1,26,1,0
1511,245.024729,16384,0,6,10,1,1,24,1,0
1512,245.269962,12288,0,4,44,1,1,9,1,0
1513,245.522507,12288,128,3,43,1,1,9,1,0
1514,245.683768,4096,0,5,47,1,273,27,1,0
1515,245.793685,12288,128,6,47,1,1,9,1,0
1516,245.884393,4096,128,1,50,1,273,27,1,0
1517,246.412685,12288,128,8,40,1,1,19,1,0
1518,246.494543,12288,128,4,44,1,1,25,1,0
1519,246.873358,4096,128,4,42,1,273,10,1,0
1520,247.629887,16384,128,6,10,1,1,15,1,0
1521,247.695532,4096,128,5,47,1,273,14,1,0
1522,247.767462,12288,0,2,46,1,1,10,1,0
1523,247.870476,12288,0,4,45,1,1,15,1,0
1524,248.445040,4096,1,5,100,1,546,19,1,0
1525,248.564469,4096,1,2,51,1,4095,23,1,0
1526,248.586466,12288,2,8,51,1,2,14,1,0
1527,248.941422,12288,2,5,101,1,2,11,1,0
1528,249.056954,12288,128,6,48,1,1,22,1,0
1529,249.106511,4096,0,4,43,1,273,14,1,0
1530,249.185950,12288,0,7,39,1,1,20,1,0
1531,249.431976,12288,0,8,41,1,1,15,1,0
1532,249.503264,16384,2,7,51,1,2,12,1,0
1533,249.817967,12288,128,2,46,1,1,19,1,0
1534,249.911098,12288,128,4,45,1,1,27,1,0
1535,250.019946,16384,0,6,10,1,1,25,1,0
1536,250.199973,4096,0,4,44,1,273,28,1,0
1537,250.524215,4096,128,4,43,1,273,21,1,0
1538,250.528539,4096,0,5,48,1,273,21,1,0
1539,250.746238,12288,128,8,41,1,1,25,1,0
1540,251.014426,12288,128,7,39,1,1,22,1,0
1541,251.593683,12288,0,3,44,1,1,16,1,0
1542,251.981930,12288,0,2,47,1,1,20,1,0
1543,252.220468,12288,0,6,49,1,1,21,1,0
1544,252.680255,16384,128,6,10,1,1,19,1,0
1545,253.816345,12288,128,2,47,1,1,24,1,0
1546,254.008863,12288,0,4,46,1,1,16,1,0
1547,254.043345,12288,0,7,40,1,1,28,1,0
1548,254.593546,12288,128,3,44,1,1,26,1,0
1549,255.054877,4096,128,4,44,1,273,25,1,0
1550,255.431133,4096,128,5,48,1,273,13,1,0
1551,255.449423,12288,0,8,42,1,1,24,1,0
1552,255.718590,12288,128,4,46,1,1,12,1,0
1553,255.880424,12288,0,6,50,1,1,21,1,0
1554,256.214480,16384,0,6,6,1,1,12,1,0
1555,256.990222,12288,128,6,49,1,1,19,1,0
1556,257.092638,12288,129,7,40,1,1,21,1,1
1557,257.144257,12288,0,8,43,1,1,10,1,0
1558,257.524452,4096,0,5,49,1,273,16,1,0
1559,258.196985,12288,128,6,50,1,1,27,1,0
1560,258.313225,16384,128,6,6,1,1,23,1,0
1561,258.399301,12288,0,2,48,1,1,23,1,0
1562,258.583742,12288,128,8,42,1,1,12,1,0
1563,258.624658,12288,0,3,45,1,1,21,1,0
1564,259.021912,12288,0,4,47,1,1,9,1,0
1565,259.284209,12288,0,7,40,1,1,19,1,0
1566,259.697804,4096,128,5,49,1,273,13,1,0
1567,259.745498,12288,129,8,43,1,1,11,1,1
1568,260.142302,4096,0,4,45,1,273,28,1,0
1569,260.424229,12288,128,3,45,1,1,9,1,0
1570,260.606425,12288,0,7,41,1,1,16,1,0
1571,260.713456,16384,0,6,8,1,1,26,1,0
1572,261.810788,12288,128,4,47,1,1,23,1,0
1573,261.866043,12288,0,8,43,1,1,14,1,0
1574,261.972593,16384,129,6,8,1,1,14,1,5
1575,261.979070,4096,128,4,45,1,273,28,1,0
1576,261.996152,12288,128,7,40,1,1,8,1,0
1577,262.612805,12288,0,8,44,1,1,23,1,0
1578,263.085444,4096,0,4,46,1,273,10,1,0
1579,263.333203,12288,129,2,48,1,1,19,1,1
1580,263.559727,12288,128,7,41,1,1,16,1,0
1581,263.765375,12288,0,4,48,1,1,18,1,0
1582,263.872515,12288,0,2,49,1,1,26,1,0
1583,263.964831,12288,128,8,43,1,1,11,1,0
1584,264.461245,16384,0,6,8,1,1,9,1,0
1585,264.987483,12288,128,4,48,1,1,18,1,0
1586,265.031860,4096,0,5,50,1,273,22,1,0
1587,265.196128,12288,129,2,48,1,1,27,1,5
1588,265.383514,12288,0,2,48,1,1,15,1,0
1589,265.393399,12288,128,8,44,1,1,24,1,0
1590,266.688229,16384,129,6,8,1,1,14,1,9
1591,266.719809,12288,128,2,49,1,1,22,1,0
1592,266.730085,12288,0,2,50,1,1,18,1,0
1593,266.829391,4096,128,4,46,1,273,15,1,0
1594,266.954513,4096,128,5,50,1,273,20,1,0
1595,267.032230,12288,0,8,45,1,1,12,1,0
1596,267.703624,12288,0,3,46,1,1,14,1,0
1597,268.778185,12288,128,2,50,1,1,13,1,0
1598,269.184026,12288,128,8,45,1,1,22,1,0
1599,269.248944,12288,0,7,42,1,1,12,1,0
1600,269.352850,16384,0,6,8,1,1,14,1,0
1601,269.487163,16384,0,6,5,1,1,16,1,0
1602,269.762494,12288,129,2,48,1,1,25,1,10
1603,270.122333,12288,128,2,48,1,1,13,1,0
1604,270.339266,4096,0,4,47,1,273,8,1,0
1605,270.914926,12288,0,7,43,1,1,28,1,0
1606,271.029326,12288,128,7,42,1,1,28,1,0
1607,271.950870,16384,128,6,5,1,1,13,1,0
1608,272.064978,16384,128,6,8,1,1,23,1,0
1609,272.488204,12288,128,3,46,1,1,8,1,0
1610,272.720480,12288,0,2,48,1,1,25,1,0
1611,272.893228,12288,0,4,49,1,1,16,1,0
1612,273.230190,12288,0,3,47,1,1,10,1,0
1613,273.397241,16384,0,6,5,1,1,26,1,0
1614,273.940289,4096,128,4,47,1,273,12,1,0
1615,274.168070,12288,128,7,43,1,1,11,1,0
1616,274.697533,4096,0,4,2,1,273,10,1,0
1617,274.742573,12288,128,4,49,1,1,24,1,0
1618,274.858201,12288,0,8,46,1,1,19,1,0
1619,276.212140,16384,129,6,5,1,1,13,1,9
1620,277.370091,12288,0,4,50,1,1,21,1,0
1621,277.434472,4096,128,4,2,1,273,10,1,0
1622,277.633297,12288,128,3,47,1,1,25,1,0
1623,277.656628,12288,129,2,48,1,1,23,1,6
1624,277.676305,12288,0,7,44,1,1,16,1,0
1625,278.748399,16384,0,6,5,1,1,12,1,0
1626,278.884358,12288,129,4,50,1,1,18,1,1
1627,279.260724,12288,128,8,46,1,1,11,1,0
1628,279.586413,16384,0,6,6,1,1,11,1,0
1629,280.511591,12288,128,7,44,1,1,21,1,0
1630,281.007571,12288,0,4,50,1,1,19,1,0
1631,281.270964,4096,0,4,3,1,273,23,1,0
1632,281.331268,16384,129,6,6,1,1,8,1,5
1633,281.511100,12288,129,4,50,1,1,23,1,6
1634,282.046244,12288,0,3,48,1,1,10,1,0
1635,282.688762,12288,0,7,45,1,1,9,1,0
1636,282.877817,16384,129,6,6,1,1,10,1,9
1637,283.694985,16384,0,6,7,1,1,15,1,0
1638,283.731265,16384,128,6,5,1,1,28,1,0
1639,283.781100,12288,0,8,47,1,1,20,1,0
1640,283.860364,16384,0,6,6,1,1,24,1,0
1641,283.872894,12288,128,4,50,1,1,15,1,0
1642,284.710002,4096,128,4,3,1,273,24,1,0
1643,284.885652,16384,129,6,6,1,1,25,1,6
1644,284.917317,12288,0,8,48,1,1,12,1,0
1645,285.334702,12288,129,4,50,1,1,18,1,10
1646,285.522844,12288,128,7,45,1,1,8,1,0
1647,285.746465,16384,129,6,6,1,1,22,1,10
1648,285.920423,12288,129,3,48,1,1,24,1,1
1649,286.106813,12288,128,8,47,1,1,22,1,0
1650,286.342190,12288,0,7,46,1,1,11,1,0
1651,286.606571,12288,0,3,49,1,1,19,1,0
1652,287.632558,16384,0,6,6,1,1,16,1,0
1653,288.098312,12288,0,4,50,1,1,19,1,0
1654,288.269835,16384,0,6,6,1,1,19,1,0
1655,288.271109,12288,0,3,48,1,1,27,1,0
1656,288.436250,12288,128,3,49,1,1,11,1,0
1657,288.574468,16384,129,6,7,1,1,16,1,4
1658,288.916876,12288,128,8,48,1,1,23,1,0
1659,289.029668,12288,128,7,46,1,1,22,1,0
1660,289.490854,16384,128,6,6,1,1,13,1,0
1661,290.444139,12288,0,8,49,1,1,25,1,0
1662,290.893250,16384,0,6,7,1,1,12,1,0
1663,291.285551,16384,128,6,6,1,1,18,1,0
1664,291.323940,12288,129,4,50,1,1,24,1,9
1665,292.240429,12288,128,3,48,1,1,27,1,0
1666,292.546843,16384,128,6,7,1,1,10,1,0
1667,293.262791,12288,0,3,50,1,1,24,1,0
1668,293.307870,16384,0,6,7,1,1,27,1,0
1669,293.446047,12288,128,8,49,1,1,19,1,0
1670,294.003975,12288,0,7,47,1,1,12,1,0
1671,294.494412,12288,0,8,50,1,1,18,1,0
1672,294.501462,16384,128,6,7,1,1,26,1,0
1673,294.553048,16384,0,6,6,1,1,20,1,0
1674,297.305231,16384,128,6,6,1,1,27,1,0
1675,297.811348,12288,128,8,50,1,1,11,1,0
1676,298.252073,12288,129,3,50,1,1,9,1,9
1677,298.831619,12288,128,7,47,1,1,22,1,0
1678,300.863863,12288,0,3,50,1,1,13,1,0
1679,302.903084,16384,0,6,7,1,1,27,1,0
1680,303.631709,12288,0,7,48,1,1,19,1,0
1681,304.675982,12288,129,3,50,1,1,19,1,9
1682,306.002983,16384,128,6,7,1,1,22,1,0
1683,306.118181,12288,129,3,50,1,1,28,1,6
1684,306.633744,12288,0,7,49,1,1,24,1,0
1685,306.755097,16384,0,6,8,1,1,19,1,0
1686,306.936939,12288,0,3,50,1,1,12,1,0
1687,307.508785,12288,128,7,48,1,1,11,1,0
1688,309.846565,12288,129,3,50,1,1,21,1,10
1689,309.997963,16384,128,6,8,1,1,24,1,0
1690,310.133801,12288,128,3,50,1,1,15,1,0
1691,310.427791,12288,128,7,49,1,1,27,1,0
1692,310.849094,12288,0,7,50,1,1,11,1,0
1693,311.648110,12288,129,3,50,1,1,25,1,1
1694,312.754493,12288,0,3,50,1,1,23,1,0
1695,314.139285,12288,129,3,50,1,1,16,1,10
1696,315.268011,12288,128,3,50,1,1,14,1,0
1697,315.340450,12288,129,7,50,1,1,27,1,6
1698,316.361191,12288,0,3,50,1,1,8,1,0
1699,317.663411,12288,0,7,50,1,1,13,1,0
1700,317.777761,12288,128,3,50,1,1,25,1,0
1701,322.436050,12288,128,7,50,1,1,17,1,0
